,open_SAR,open_USD,high_SAR,high_USD,low_SAR,low_USD,close_SAR,close_USD,volume
2021-01-30,128437.248512,34246.28,131012.7232,34933.0,123106.88,32825.0,128333.212416,34218.54,43072
2021-01-29,125144.022272,33368.18,144510.03776,38531.9,119695.51616,31915.4,128459.45088,34252.2,231827
2021-01-28,113870.357376,30362.19,126703.438592,33783.98,111919.81184,29842.1,125131.570944,33364.86,92621
2021-01-27,121753.023104,32464.01,122102.860416,32557.29,109668.146688,29241.72,113885.20896,30366.15,95911
2021-01-26,120966.114176,32254.19,123470.218752,32921.88,115652.472448,30837.37,121767.124608,32467.77,84972
2021-01-25,120985.84128,32259.45,130795.2,34875.0,119675.264,31910.0,120966.15168,32254.2,88499
2021-01-24,120305.3312,32078.0,124029.4784,33071.0,115887.36,30900.0,120987.52896,32259.9,57978
2021-01-23,123575.68,32950.0,125473.3824,33456.0,117725.656064,31390.16,120305.3312,32078.0,64595
2021-01-22,115707.303296,30851.99,126863.018112,33826.53,108199.04,28850.0,123557.565568,32945.17,142971
2021-01-21,133020.049792,35468.23,133514.24,35600.0,112778.2784,30071.0,115700.327552,30850.13,131803
2021-01-20,134646.635776,35901.94,136571.978624,36415.31,125263.36,33400.0,133020.049792,35468.23,89368
2021-01-19,137348.873984,36622.46,141952.64,37850.0,134429.562624,35844.06,134607.444096,35891.49,79611
2021-01-18,134358.042496,35824.99,140526.850432,37469.83,130513.92,34800.0,137381.915008,36631.27,70698
2021-01-17,134995.572992,35994.98,138211.616,36852.5,126951.04,33850.0,134371.618944,35828.61,80157
2021-01-16,137780.057472,36737.43,142327.68,37950.0,132605.89312,35357.8,134995.572992,35994.98,86348
2021-01-15,146810.195584,39145.21,149069.999104,39747.76,129043.7632,34408.0,137798.021888,36742.22,118300
2021-01-14,140157.623552,37371.38,150391.04,40100.0,137644.292992,36701.23,146807.5328,39144.5,102950
2021-01-13,127697.93216,34049.15,141952.64,37850.0,121437.952,32380.0,140157.623552,37371.38,124477
2021-01-12,132803.051648,35410.37,137369.6512,36628.0,122004.2624,32531.0,127705.770496,34051.24,133948
2021-01-11,143077.835008,38150.02,143508.080896,38264.74,114087.168,30420.0,132780.924288,35404.47,249131
2021-01-10,150346.860288,40088.22,155079.04,41350.0,131680.706944,35111.11,143077.835008,38150.02,118209
2021-01-09,152217.334784,40586.96,155191.552,41380.0,145215.488,38720.0,150346.860288,40088.22,75785
2021-01-08,147887.572992,39432.48,157329.28,41950.0,136889.6,36500.0,152201.770624,40582.81,139789
2021-01-07,137899.807744,36769.36,151384.896,40365.0,136139.52,36300.0,147886.822912,39432.28,132825
2021-01-06,127324.317312,33949.53,138536.813184,36939.21,124843.3152,33288.0,137899.807744,36769.36,127139
2021-01-05,119974.3584,31989.75,128863.744,34360.0,112136.96,29900.0,127324.317312,33949.53,116049
2021-01-04,123763.38752,33000.05,126013.44,33600.0,105498.752,28130.0,119970.457984,31988.71,140899
2021-01-03,120674.55808,32176.45,130431.823744,34778.11,119873.997696,31962.99,123763.38752,33000.05,120957
2021-01-02,110005.60768,29331.7,124888.32,33300.0,108561.066112,28946.53,120681.608832,32178.33,129993
2021-01-01,108475.181952,28923.63,111011.84,29600.0,107353.587328,28624.57,110005.570176,29331.69,54182
2020-12-31,108294.86272,28875.55,109886.72,29300.0,104448.64,27850.0,108475.181952,28923.63,75508
2020-12-30,102704.704,27385.0,108746.5984,28996.0,102460.928,27320.0,108294.825216,28875.54,95356
2020-12-29,101558.656768,27079.42,102798.464,27410.0,97060.352,25880.0,102704.704,27385.0,69411
2020-12-28,98566.287616,26281.54,103136.0,27500.0,97889.1904,26101.0,101558.619264,27079.41,79721
2020-12-27,99360.84736,26493.4,106593.8688,28422.0,96385.28,25700.0,98566.737664,26281.66,148455
2020-12-26,92681.647488,24712.47,100762.109312,26867.03,91884.8,24500.0,99360.809856,26493.39,97806
2020-12-25,88993.204096,23728.99,92971.890944,24789.86,87885.37344,23433.6,92681.647488,24712.47,79519
2020-12-24,87130.755456,23232.39,89238.630272,23794.43,85146.906368,22703.42,88993.99168,23729.2,69013
2020-12-23,89299.986816,23810.79,90384.64,24100.0,84759.04,22600.0,87132.143104,23232.76,119047
2020-12-22,85208.637952,22719.88,89398.65984,23837.1,83834.19136,22353.4,89299.986816,23810.79,87033
2020-12-21,87967.657216,23455.54,90395.028608,24102.77,81814.976,21815.0,85208.000384,22719.71,88030
2020-12-20,89340.52864,23821.6,91115.968,24295.0,86484.224,23060.0,87967.582208,23455.52,76690
2020-12-19,86661.955456,23107.39,90652.681088,24171.47,85321.6,22750.0,89340.566144,23821.61,86045
2020-12-18,85498.43136,22797.15,87328.739072,23285.18,83821.44,22350.0,86661.955456,23107.39,79646
2020-12-17,80016.734208,21335.52,89259.52,23800.0,79620.992,21230.0,85498.468864,22797.16,184882
2020-12-16,72856.883072,19426.43,80858.624,21560.0,72302.46144,19278.6,80016.734208,21335.52,114306
2020-12-15,72284.046976,19273.69,73395.328,19570.0,71445.12,19050.0,72856.883072,19426.43,61834
2020-12-14,71913.882496,19174.99,72566.4896,19349.0,71257.6,19000.0,72281.984256,19273.14,47257
2020-12-13,70540.110976,18808.69,72799.0144,19411.0,70174.184448,18711.12,71913.882496,19174.99,56560
2020-12-12,67644.202112,18036.53,71065.054464,18948.66,67584.83328,18020.7,70540.110976,18808.69,49519
2020-12-11,68462.839424,18254.81,68605.054592,18292.73,65903.266432,17572.33,67644.202112,18036.53,72610
2020-12-10,69537.254016,18541.29,69597.372928,18557.32,67173.864448,17911.12,68462.164352,18254.63,52890
2020-12-09,68722.742144,18324.11,69905.843328,18639.57,66194.56,17650.0,69537.216512,18541.28,79585
2020-12-08,71883.54176,19166.9,72363.367936,19294.84,68257.28,18200.0,68722.742144,18324.11,61626
2020-12-07,72602.755968,19358.67,72836.180864,19420.91,70893.361152,18902.88,71883.54176,19166.9,41372
2020-12-06,71811.384064,19147.66,72832.768,19420.0,70721.2928,18857.0,72605.49376,19359.4,37043
2020-12-05,69946.872704,18650.51,71921.4208,19177.0,69382.4,18500.0,71811.384064,19147.66,42922
2020-12-04,72841.543936,19422.34,73234.0608,19527.0,69627.338624,18565.31,69946.910208,18650.52,71283
2020-12-03,72022.981632,19204.08,73500.3392,19598.0,70759.54688,18867.2,72839.89376,19421.9,66689
2020-12-02,70376.105984,18764.96,72540.2368,19342.0,68744.832,18330.0,72023.019136,19204.09,75911
2020-12-01,73867.390848,19695.87,74587.9552,19888.0,67511.400448,18001.12,70376.105984,18764.96,127698
2020-11-30,68201.024,18185.0,74494.795264,19863.16,68200.986496,18184.99,73867.390848,19695.87,115463
2020-11-29,66456.487936,17719.84,68857.53152,18360.05,65695.7568,17517.0,68200.986496,18184.99,55329
2020-11-28,64280.093312,17139.53,67058.989696,17880.49,63252.596224,16865.56,66456.52544,17719.85,64910
2020-11-27,64317.372288,17149.47,65473.058048,17457.62,61649.375232,16438.08,64280.055808,17139.52,85297
2020-11-26,70203.100032,18718.83,70938.928512,18915.03,60711.4752,16188.0,64317.372288,17149.47,181005
2020-11-25,71857.664,19160.0,73073.581184,19484.21,69383.412608,18500.27,70204.150144,18719.11,93266
2020-11-24,68887.384704,18368.01,72828.905088,19418.97,67574.7072,18018.0,71857.701504,19160.01,113581
2020-11-23,69059.415552,18413.88,70380.0064,18766.0,67507.2,18000.0,68887.3472,18368.0,82961
2020-11-22,70146.73152,18703.8,70320.0,18750.0,66047.769344,17610.86,69061.478272,18414.43,81645
2020-11-21,69966.187264,18655.66,71129.71136,18965.9,68664.498432,18308.58,70146.73152,18703.8,75577
2020-11-20,66767.658624,17802.81,70564.601088,18815.22,66532.246016,17740.04,69966.224768,18655.67,88423
2020-11-19,66673.6736,17777.75,68181.52192,18179.8,65015.62176,17335.65,66767.696128,17802.82,93009
2020-11-18,66229.738752,17659.38,69295.878272,18476.93,64561.07328,17214.45,66667.560448,17776.12,149019
2020-11-17,62680.735232,16713.08,66977.718528,17858.82,62024.1152,16538.0,66229.738752,17659.38,115221
2020-11-16,59845.1328,15957.0,63306.752,16880.0,59496.3456,15864.0,62682.572928,16713.57,81300
2020-11-15,60267.277824,16069.56,60681.472,16180.0,59161.509888,15774.72,59845.1328,15957.0,43596
2020-11-14,61206.678016,16320.04,61232.743296,16326.99,58768.768,15670.0,60270.61568,16070.45,59116
2020-11-13,61100.95424,16291.85,61806.592,16480.0,59827.69344,15952.35,61209.15328,16320.7,75691
2020-11-12,58822.2112,15684.25,61284.16128,16340.7,57908.576256,15440.64,61100.991744,16291.86,102196
2020-11-11,57370.656384,15297.21,59875.136,15965.0,57278.659072,15272.68,58822.173696,15684.24,78469
2020-11-10,57487.668864,15328.41,57981.184,15460.0,56527.753984,15072.46,57370.656384,15297.21,61681
2020-11-09,58037.81504,15475.1,59406.336,15840.0,55526.697216,14805.54,57487.668864,15328.41,108976
2020-11-08,55574.55232,14818.3,58693.76,15650.0,55145.431552,14703.88,58037.81504,15475.1,65547
2020-11-07,58430.969472,15579.93,59082.001408,15753.52,53796.562688,14344.22,55574.55232,14818.3,101431
2020-11-06,58468.811008,15590.02,59856.384,15960.0,56878.5664,15166.0,58430.931968,15579.92,122618
2020-11-05,53045.695104,14144.01,59068.8,15750.0,52856.487424,14093.56,58468.811008,15590.02,143741
2020-11-04,52593.846912,14023.53,53476.9536,14259.0,50724.16,13525.0,53045.695104,14144.01,93016
2020-11-03,50816.532352,13549.63,52753.538944,14066.11,49824.026496,13284.99,52593.846912,14023.53,74115
2020-11-02,51611.092096,13761.49,51868.032,13830.0,49486.71552,13195.05,50815.557248,13549.37,64566
2020-11-01,51721.7664,13791.0,52111.808,13895.0,51016.6912,13603.0,51611.1296,13761.5,36285
2020-10-31,50855.79904,13560.1,52880.64,14100.0,50298.4896,13411.5,51721.7664,13791.0,67339
2020-10-30,50464.219776,13455.69,51267.892992,13669.98,49186.496,13115.0,50855.79904,13560.1,70657
2020-10-29,49754.30656,13266.4,51166.369664,13642.91,48458.055808,12920.77,50464.25728,13455.7,74872
2020-10-28,51141.054464,13636.16,51978.593792,13859.48,48335.1552,12888.0,49754.30656,13266.4,94440
2020-10-27,48950.78336,13052.15,51715.353216,13789.29,48829.720448,13019.87,51141.091968,13636.17,80796
2020-10-26,48866.361856,13029.64,49650.833024,13238.81,47873.856,12765.0,48950.933376,13052.19,60951
2020-10-25,49174.232192,13111.73,50067.84,13350.0,48335.1552,12888.0,48863.324032,13028.83,38481
2020-10-24,48466.644224,12923.06,49380.504192,13166.73,48267.648,12870.0,49174.232192,13111.73,35952
2020-10-23,48638.337536,12968.84,48859.048576,13027.69,47705.388032,12720.08,48466.681728,12923.07,50386
2020-10-22,47932.9248,12780.75,49449.024,13185.0,47547.871232,12678.08,48637.137408,12968.52,70038
2020-10-21,44667.264,11910.0,49571.587072,13217.68,44580.81728,11886.95,47933.712384,12780.96,114584
2020-10-20,44072.675584,11751.46,45148.740352,12038.38,43795.633536,11677.59,44667.226496,11909.99,62134
2020-10-19,43141.376256,11503.14,44344.692096,11823.99,42784.413184,11407.96,44072.713088,11751.47,47414
2020-10-18,42605.706624,11360.31,43148.352,11505.0,42552.863488,11346.22,43141.376256,11503.14,23284
2020-10-17,42451.677696,11319.24,42763.635968,11402.42,42210.752,11255.0,42605.29408,11360.2,22368
2020-10-16,43148.839552,11505.13,43283.92896,11541.15,42004.48,11200.0,42451.977728,11319.32,48797
2020-10-15,42821.654656,11417.89,43569.671936,11617.34,42195.112832,11250.83,43148.802048,11505.12,48760
2020-10-14,42831.705728,11420.57,43309.544192,11547.98,42304.512,11280.0,42821.654656,11417.89,41415
2020-10-13,43235.511296,11528.24,43343.3728,11557.0,42379.52,11300.0,42831.668224,11420.56,42205
2020-10-12,42638.372608,11369.02,43954.725504,11720.01,41899.4688,11172.0,43235.5488,11528.25,52825
2020-10-11,42354.092288,11293.22,42923.328,11445.0,42083.2384,11221.0,42638.372608,11369.02,29043
2020-10-10,41444.320256,11050.64,43095.8464,11491.0,41443.832704,11050.51,42354.092288,11293.22,43648
2020-10-09,40974.770176,10925.44,41646.841856,11104.64,40613.0816,10829.0,41444.320256,11050.64,48240
2020-10-08,40003.26656,10666.4,41066.88,10950.0,39493.249664,10530.41,40975.257728,10925.57,51959
2020-10-07,39752.92736,10599.65,40061.285248,10681.87,39552.355968,10546.17,40003.229056,10666.39,32811
2020-10-06,40475.06688,10792.2,40504.32,10800.0,39472.96,10525.0,39752.964864,10599.66,48674
2020-10-05,40004.091648,10666.62,40496.8192,10798.0,39812.896256,10615.64,40475.104384,10792.21,34025
2020-10-04,39536.979328,10542.07,40117.541248,10696.87,39446.219648,10517.87,40004.129152,10666.63,23212
2020-10-03,39643.22816,10570.4,39767.591424,10603.56,39365.923584,10496.46,39536.941824,10542.06,22298
2020-10-02,39825.985152,10619.13,39996.665856,10664.64,38906.6496,10374.0,39643.22816,10570.4,50130
2020-10-01,40416.523136,10776.59,40954.368,10920.0,39142.9248,10437.0,39825.985152,10619.13,60866
2020-09-30,40656.511232,10840.58,40689.364736,10849.34,39998.503552,10665.13,40416.523136,10776.59,39596
2020-09-29,40114.690944,10696.11,40757.622016,10867.54,39888.766848,10635.87,40656.136192,10840.48,41874
2020-09-28,40407.784704,10774.26,41066.88,10950.0,39851.7504,10626.0,40114.728448,10696.12,50095
2020-09-27,40236.503936,10728.59,40500.5696,10799.0,39734.812928,10594.82,40407.7472,10774.25,30549
2020-09-26,40078.912128,10686.57,40582.853376,10820.94,39921.807872,10644.68,40236.54144,10728.6,28420
2020-09-25,40265.532032,10736.33,40356.291712,10760.53,39590.122496,10556.24,40079.287168,10686.67,48101
2020-09-24,38409.571584,10241.46,40486.468096,10795.24,38220.063872,10190.93,40265.494528,10736.32,57676
2020-09-23,39490.249344,10529.61,39518.52736,10537.15,38017.129728,10136.82,38409.571584,10241.46,51876
2020-09-22,39068.741888,10417.22,39651.891584,10572.71,38827.8912,10353.0,39490.249344,10529.61,43991
2020-09-21,40955.418112,10920.28,41212.620544,10988.86,38615.43104,10296.35,39068.741888,10417.22,70683
2020-09-20,41556.832256,11080.64,41556.832256,11080.64,40215.5392,10723.0,40955.418112,10920.28,39157
2020-09-19,41004.62336,10933.4,41928.684416,11179.79,40831.992448,10887.37,41556.86976,11080.65,38440
2020-09-18,41029.376,10940.0,41397.027712,11038.03,40552.475136,10812.84,41004.585856,10933.39,47266
2020-09-17,41081.919104,10954.01,41424.893184,11045.46,40301.160832,10745.83,41029.338496,10939.99,55601
2020-09-16,40448.926592,10785.23,41603.1872,11093.0,39983.839488,10661.22,41081.919104,10954.01,64991
2020-09-15,40023.406208,10671.77,40992.022016,10930.04,39778.542592,10606.48,40449.226624,10785.31,61822
2020-09-14,38752.283136,10332.84,40316.8,10750.0,38300.359936,10212.34,40023.406208,10671.77,67059
2020-09-13,39156.688768,10440.67,39679.644544,10580.11,38254.08,10200.0,38752.245632,10332.83,43837
2020-09-12,38958.742656,10387.89,39296.578688,10477.97,38513.7952,10269.25,39157.626368,10440.92,35379
2020-09-11,38767.359744,10336.86,38995.15904,10397.6,38254.08,10200.0,38958.742656,10387.89,43830
2020-09-10,38326.425216,10219.29,39316.75584,10483.35,37769.640832,10070.83,38767.397248,10336.87,58253
2020-09-09,37979.025664,10126.66,38790.3872,10343.0,37432.779904,9981.01,38326.08768,10219.2,49347
2020-09-08,38904.58688,10373.45,39146.6752,10438.0,36941.44,9850.0,37978.98816,10126.65,73491
2020-09-07,38463.689856,10255.89,39044.4768,10410.75,37035.2,9875.0,38904.549376,10373.44,62620
2020-09-06,38129.154176,10166.69,38805.913856,10347.14,37484.722944,9994.86,38464.85248,10256.2,56368
2020-09-05,39177.616,10446.25,39625.526272,10565.68,36847.68,9825.0,38129.154176,10166.69,90001
2020-09-04,38022.642816,10138.29,39855.68832,10627.05,37037.0752,9875.5,39177.616,10446.25,92733
2020-09-03,42711.580416,11388.54,42989.33504,11462.6,37356.98432,9960.8,38032.24384,10140.85,121950
2020-09-02,44712.156288,11921.97,44834.419328,11954.57,41854.83904,11160.1,42711.580416,11388.54,87221
2020-09-01,43690.322304,11649.51,45195.50784,12050.85,43185.856,11515.0,44712.156288,11921.97,78148
2020-08-31,43921.571968,11711.17,44257.607808,11800.77,43392.128,11570.0,43690.322304,11649.51,55353
2020-08-30,43001.486336,11465.84,43950.9376,11719.0,42972.0832,11458.0,43921.534464,11711.16,43177
2020-08-29,43230.48576,11526.9,43429.707008,11580.02,42818.466816,11417.04,43001.486336,11465.84,32973
2020-08-28,42493.457152,11330.38,43289.55456,11542.65,42292.848256,11276.89,43230.523264,11526.91,45953
2020-08-27,42984.909568,11461.42,43475.38688,11592.2,41723.2,11125.0,42493.457152,11330.38,63246
2020-08-26,42448.602368,11318.42,43277.065728,11539.32,42169.4976,11244.0,42984.947072,11461.43,53998
2020-08-25,44060.411776,11748.19,44134.14464,11767.85,41695.597056,11117.64,42448.602368,11318.42,69590
2020-08-24,43685.109248,11648.12,44348.10496,11824.9,43448.721536,11585.09,44060.44928,11748.2,46212
2020-08-23,43742.827904,11663.51,43947.449728,11718.07,43182.593152,11514.13,43685.146752,11648.13,37900
2020-08-22,43246.724992,11531.23,43827.1744,11686.0,42667.588224,11376.81,43740.765184,11662.96,43678
2020-08-21,44455.516416,11853.54,44547.2512,11878.0,43076.381824,11485.81,43247.137536,11531.34,64448
2020-08-20,44083.626752,11754.38,44584.7552,11888.0,43759.6672,11668.0,44455.55392,11853.55,46085
2020-08-19,44798.90304,11945.1,45080.108032,12020.08,43358.3744,11561.0,44084.414336,11754.59,73940
2020-08-18,46059.22496,12281.15,46459.092608,12387.77,44321.964672,11817.93,44798.565504,11945.01,75923
2020-08-17,44670.976896,11910.99,46759.9872,12468.0,44141.382912,11769.78,46059.149952,12281.13,84734
2020-08-16,44451.24096,11852.4,44748.722688,11931.72,43827.1744,11686.0,44671.0144,11911.0,41368
2020-08-15,44106.76672,11760.55,44929.792,11980.0,43804.672,11680.0,44451.24096,11852.4,56237
2020-08-14,44178.849408,11779.77,44442.24,11850.0,43632.266112,11634.03,44106.729216,11760.54,59818
2020-08-13,43370.900736,11564.34,44228.317184,11792.96,42268.358144,11270.36,44179.712,11780.0,70132
2020-08-12,42724.894336,11392.09,43570.347008,11617.52,41816.96,11150.0,43370.863232,11564.33,64909
2020-08-11,44603.13216,11892.9,44761.024,11935.0,41723.2,11125.0,42724.856832,11392.08,90748
2020-08-10,43811.010176,11681.69,45257.38944,12067.35,42942.08,11450.0,44603.207168,11892.92,84952
2020-08-09,44108.529408,11761.02,44243.881344,11797.11,43211.996288,11521.97,43810.972672,11681.68,41493
2020-08-08,43483.487744,11594.36,44285.735808,11808.27,43174.6048,11512.0,44109.992064,11761.41,41858
2020-08-07,44113.967488,11762.47,44667.038976,11909.94,42462.0288,11322.0,43483.000192,11594.23,65755
2020-08-06,44048.110464,11744.91,44629.76,11900.0,43364.0,11562.5,44113.929984,11762.46,63529
2020-08-05,41974.439296,11191.99,44183.199872,11780.93,41603.1872,11093.0,44048.110464,11744.91,74970
2020-08-04,42078.287872,11219.68,42810.740992,11414.98,41254.4,11000.0,41974.364288,11191.97,58629
2020-08-03,41522.028544,11071.36,43028.3392,11473.0,41014.3744,10936.0,42078.775424,11219.81,56931
2020-08-02,44259.107968,11801.17,45467.824384,12123.46,39448.5824,10518.5,41521.99104,11071.35,97553
2020-08-01,42512.509184,11335.46,44483.4944,11861.0,42079.488,11220.0,44259.107968,11801.17,85087
2020-07-31,41628.652416,11099.79,42919.5776,11444.0,41104.384,10960.0,42512.509184,11335.46,70063
2020-07-30,41631.390208,11100.52,41891.968,11170.0,40620.5824,10831.0,41627.977344,11099.61,60794
2020-07-29,40902.875008,10906.27,42540.112128,11342.82,40549.3248,10812.0,41631.427712,11100.53,76838
2020-07-28,41366.761984,11029.96,42162.859392,11242.23,39622.976,10565.0,40902.875008,10906.27,97267
2020-07-27,37247.247616,9931.54,42735.282944,11394.86,37193.504384,9917.21,41366.761984,11029.96,150188
2020-07-26,36380.455168,9700.42,37920.2944,10111.0,36191.36,9650.0,37247.247616,9931.54,65279
2020-07-25,35771.69024,9538.1,36502.26816,9732.9,35677.5552,9513.0,36380.455168,9700.42,40679
2020-07-24,36016.103808,9603.27,36142.6048,9637.0,35491.685376,9463.44,35770.56512,9537.8,43931
2020-07-23,35696.907264,9518.16,36243.8656,9664.0,35405.013632,9440.33,36016.103808,9603.27,51856
2020-07-22,35216.256,9390.0,35793.8176,9544.0,34732.4544,9261.0,35696.907264,9518.16,48815
2020-07-21,34356.589312,9160.78,35395.262592,9437.73,34326.66112,9152.8,35216.256,9390.0,60413
2020-07-20,34537.396096,9208.99,34584.388608,9221.52,34244.9024,9131.0,34356.589312,9160.78,35458
2020-07-19,34392.29312,9170.3,34624.705408,9232.27,34133.70304,9101.35,34537.396096,9208.99,26052
2020-07-18,34332.324224,9154.31,34576.06272,9219.3,34207.77344,9121.1,34392.218112,9170.28,22554
2020-07-17,34255.103488,9133.72,34454.287232,9186.83,34090.423424,9089.81,34332.361728,9154.32,28054
2020-07-16,34494.67904,9197.6,34601.75296,9226.15,33930.8064,9047.25,34255.103488,9133.72,43375
2020-07-15,34713.13984,9255.85,34790.548096,9276.49,34355.801728,9160.57,34494.67904,9197.6,39053
2020-07-14,34663.484544,9242.61,34801.986816,9279.54,34177.3952,9113.0,34713.13984,9255.85,45772
2020-07-13,34891.133824,9303.31,35043.062528,9343.82,34507.017856,9200.89,34663.522048,9242.62,42740
2020-07-12,34631.268608,9234.02,35047.488,9345.0,34344.288,9157.5,34889.0336,9302.75,30872
2020-07-11,34834.990336,9288.34,34876.019712,9299.28,34422.1088,9178.25,34631.306112,9234.03,22561
2020-07-10,34625.267968,9232.42,34944.276992,9317.48,34222.4,9125.0,34834.990336,9288.34,38295
2020-07-09,35388.999424,9436.06,35406.738816,9440.79,34353.664,9160.0,34625.305472,9232.43,48044
2020-07-08,34718.95296,9257.4,35516.288,9470.0,34619.9424,9231.0,35388.999424,9436.06,56140
2020-07-07,35037.999488,9342.47,35176.576768,9379.42,34514.9312,9203.0,34718.915456,9257.39,34587
2020-07-06,34013.915264,9069.41,35160.0,9375.0,33963.322368,9055.92,35044.48768,9344.2,54463
2020-07-05,34259.904,9135.0,34298.308096,9145.24,33352.419712,8893.03,34013.915264,9069.41,34073
2020-07-04,33970.335616,9057.79,34466.176,9190.0,33903.766016,9040.04,34261.629184,9135.46,26441
2020-07-03,34078.159616,9086.54,34222.4,9125.0,33894.127488,9037.47,33972.098304,9058.26,28943
2020-07-02,34623.655296,9231.99,34736.054784,9261.96,33528.576,8940.0,34078.159616,9086.54,45725
2020-07-01,34271.455232,9138.08,34848.7168,9292.0,34054.00704,9080.1,34623.6928,9232.0,38488
2020-06-30,34477.164672,9192.93,34522.432,9205.0,33996.963456,9064.89,34273.21792,9138.55,31463
2020-06-29,34189.246464,9116.16,34646.1952,9238.0,33846.122368,9024.67,34475.777024,9192.56,42120
2020-06-28,33798.6048,9012.0,34469.9264,9191.0,33558.804224,8948.06,34189.95904,9116.35,30688
2020-06-27,34361.952384,9162.21,34489.578496,9196.24,33127.2832,8833.0,33798.6048,9012.0,46290
2020-06-26,34689.287296,9249.49,34871.2192,9298.0,33924.05568,9045.45,34361.952384,9162.21,50292
2020-06-25,34872.456832,9298.33,35028.736,9340.0,33789.941376,9009.69,34689.287296,9249.49,55831
2020-06-24,36095.087232,9624.33,36266.368,9670.0,34533.6832,9208.0,34865.556096,9296.49,61571
2020-06-23,36325.211776,9685.69,36453.888,9720.0,35917.693312,9577.03,36097.187456,9624.89,41031
2020-06-22,34858.805376,9294.69,36678.912,9780.0,34792.798336,9277.09,36325.211776,9685.69,57895
2020-06-21,35099.80608,9358.95,35336.2688,9422.0,34809.487616,9281.54,34858.805376,9294.69,24316
2020-06-20,34917.086592,9310.23,35235.008,9395.0,34394.73088,9170.95,35099.80608,9358.95,30329
2020-06-19,35202.454528,9386.32,35397.40032,9438.3,34562.898816,9215.79,34917.086592,9310.23,45330
2020-06-18,35498.023552,9465.13,35587.5456,9489.0,34803.712,9280.0,35202.454528,9386.32,37381
2020-06-17,35729.948288,9526.97,35872.576,9565.0,34640.982144,9236.61,35498.061056,9465.14,48046
2020-06-16,35351.45792,9426.05,35962.5856,9589.0,35152.836736,9373.09,35724.772736,9525.59,52052
2020-06-15,35036.61184,9342.1,35610.048,9495.0,33417.75168,8910.45,35351.345408,9426.02,86107
2020-06-14,35528.814336,9473.34,35557.504896,9480.99,34672.448,9245.0,35036.61184,9342.1,30055
2020-06-13,35497.385984,9464.96,35609.035392,9494.73,35069.9904,9351.0,35528.814336,9473.34,27759
2020-06-12,34799.511552,9278.88,35843.022848,9557.12,34625.605504,9232.51,35498.023552,9465.13,50119
2020-06-11,37073.529088,9885.22,37368.9856,9964.0,34177.3952,9113.0,34805.21216,9280.4,94418
2020-06-10,36650.558976,9772.44,37476.697088,9992.72,36394.556672,9704.18,37072.704,9885.0,47130
2020-06-09,36686.4128,9782.0,37042.7008,9877.0,35891.328,9570.0,36650.521472,9772.43,46024
2020-06-08,36555.111296,9746.99,36753.92,9800.0,36127.6032,9633.0,36686.450304,9782.01,40664
2020-06-07,36254.55424,9666.85,36761.4208,9802.0,35150.473984,9372.46,36555.111296,9746.99,57952
2020-06-06,36083.235968,9621.17,36510.144,9735.0,35745.24992,9531.05,36252.49152,9666.3,32752
2020-06-05,36709.440256,9788.14,36959.2544,9854.75,35932.5824,9581.0,36083.198464,9621.16,47788
2020-06-04,36252.566528,9666.32,37060.065152,9881.63,35441.28,9450.0,36712.890624,9789.06,57456
2020-06-03,35696.382208,9518.02,36341.376,9690.0,35123.283584,9365.21,36252.266496,9666.24,46252
2020-06-02,38264.243584,10202.71,38362.804096,10228.99,34751.2064,9266.0,35696.457216,9518.04,108970
2020-06-01,35434.791808,9448.27,38929.152,10380.0,35335.031168,9421.67,38256.967808,10200.77,76649
2020-05-31,36370.329088,9697.72,36378.88,9700.0,35184.040064,9381.41,35434.791808,9448.27,48333
2020-05-30,35353.52064,9426.6,36528.896,9740.0,34995.844992,9331.23,36370.329088,9697.72,55665
2020-05-29,35913.342848,9575.87,36023.567104,9605.26,34991.232,9330.0,35355.283328,9427.07,57374
2020-05-28,34518.944128,9204.07,36099.362688,9625.47,34166.144,9110.0,35913.417856,9575.89,74110
2020-05-27,33157.2864,8841.0,34597.44,9225.0,33047.512192,8811.73,34518.944128,9204.07,68910
2020-05-26,33379.87264,8900.35,33819.869568,9017.67,32628.48,8700.0,33157.961472,8841.18,58299
2020-05-25,32696.512256,8718.14,33677.316864,8979.66,32413.657088,8642.72,33379.87264,8900.35,62833
2020-05-24,34424.959104,9179.01,34871.2192,9298.0,32628.48,8700.0,32704.763136,8720.34,70379
2020-05-23,34391.168,9170.0,34908.16064,9307.85,34016.128,9070.0,34425.48416,9179.15,43526
2020-05-22,34006.789504,9067.51,34769.9584,9271.0,33504.273408,8933.52,34391.168,9170.0,58943
2020-05-21,35671.667072,9511.43,35923.093888,9578.47,33059.776,8815.0,34011.06496,9068.65,108928
2020-05-20,36660.647552,9775.13,36911.4368,9842.0,34976.2304,9326.0,35671.667072,9511.43,74923
2020-05-19,36506.131072,9733.93,37118.496384,9897.21,35531.2896,9474.0,36662.147712,9775.53,78539
2020-05-18,36308.034944,9681.11,37316.48,9950.0,35494.648192,9464.23,36506.131072,9733.93,82006
2020-05-17,35181.789824,9380.81,37083.9552,9888.0,34961.60384,9322.1,36304.022016,9680.04,68647
2020-05-16,34938.576384,9315.96,35958.8352,9588.0,34578.688,9220.0,35183.515008,9381.27,59587
2020-05-15,36723.804288,9791.97,36925.013248,9845.62,34316.16,9150.0,34940.301568,9316.42,115890
2020-05-14,34913.78624,9309.35,37275.2256,9939.0,34716.552704,9256.76,36723.841792,9791.98,129565
2020-05-13,33044.736896,8810.99,35246.2592,9398.0,32977.229696,8792.99,34913.861248,9309.37,92466
2020-05-12,32111.074816,8562.04,33672.066304,8978.26,31986.336512,8528.78,33043.986816,8810.79,86522
2020-05-11,32713.876608,8722.77,34383.6672,9168.0,30753.28,8200.0,32109.124608,8561.52,168807
2020-05-10,35775.44064,9539.1,35909.442432,9574.83,30441.9968,8117.0,32713.876608,8722.77,183865
2020-05-09,36753.995008,9800.02,37182.4032,9914.25,35703.808,9520.0,35776.56576,9539.4,81950
2020-05-08,37452.61952,9986.3,37638.864384,10035.96,36397.632,9705.0,36753.957504,9800.01,100683
2020-05-07,34291.40736,9143.4,37755.2768,10067.0,33832.3584,9021.0,37452.99456,9986.4,147154
2020-05-06,33833.708544,9021.36,35235.008,9395.0,33401.849984,8906.21,34289.607168,9142.92,105925
2020-05-05,33273.248768,8871.92,34198.322432,9118.58,32853.504,8760.0,33835.471232,9021.83,76480
2020-05-04,33356.62016,8894.15,33566.08,8950.0,31960.9088,8522.0,33273.398784,8871.96,84418
2020-05-03,33650.764032,8972.58,34503.68,9200.0,32673.4848,8712.0,33356.657664,8894.16,90126
2020-05-02,33099.792768,8825.67,33791.104,9010.0,32827.2512,8753.0,33648.77632,8972.05,59002
2020-05-01,32328.448,8620.0,33975.548672,9059.18,32304.295424,8613.56,33104.630784,8826.96,91468
2020-04-30,32923.186432,8778.58,35478.784,9460.0,31507.1104,8401.0,32328.448,8620.0,206277
2020-04-29,29022.770432,7738.58,33576.918656,8952.89,28915.77152,7710.05,32923.148928,8778.57,183546
2020-04-28,29153.771904,7773.51,29178.112,7780.0,28724.763648,7659.12,29024.270592,7738.98,46302
2020-04-27,28852.20224,7693.1,29223.191808,7792.02,28525.5424,7606.0,29157.934848,7774.62,65441
2020-04-26,28274.378112,7539.03,28878.08,7700.0,28052.992,7480.0,28852.20224,7693.1,50522
2020-04-25,28146.752,7505.0,28896.832,7705.0,27869.484928,7431.07,28273.027968,7538.67,43874
2020-04-24,28067.843584,7483.96,28562.896384,7615.96,27707.9552,7388.0,28146.752,7505.0,60182
2020-04-23,26722.050048,7125.12,29020.5952,7738.0,26327.808,7020.0,28061.955456,7482.39,102773
2020-04-22,25657.836544,6841.36,26839.287552,7156.38,25570.2272,6818.0,26722.125056,7125.14,61486
2020-04-21,25611.406592,6828.98,26027.776,6940.0,25360.2048,6762.0,25657.874048,6841.37,60109
2020-04-20,26708.09856,7121.4,27077.888,7220.0,25318.9504,6751.0,25603.343232,6826.83,90149
2020-04-19,27185.14944,7248.6,27250.96896,7266.15,26461.32224,7055.6,26705.623296,7120.74,45664
2020-04-18,26353.235712,7026.78,27351.967232,7293.08,26306.80576,7014.4,27185.14944,7248.6,49488
2020-04-17,26635.303296,7101.99,26808.309248,7148.12,26151.464192,6972.98,26356.12352,7027.55,54126
2020-04-16,24832.336,6621.25,26965.376,7190.0,24258.599808,6468.27,26635.115776,7101.94,125009
2020-04-15,25759.884928,6868.57,26001.5232,6933.0,24771.392,6605.0,24832.298496,6621.24,61571
2020-04-14,25645.385216,6838.04,26170.2912,6978.0,25331.251712,6754.28,25760.37248,6868.7,69068
2020-04-13,25891.974016,6903.79,25891.974016,6903.79,24658.88,6575.0,25644.897664,6837.91,96415
2020-04-12,25790.900736,6876.84,26916.6208,7177.0,25427.712,6780.0,25891.974016,6903.79,73868
2020-04-11,25723.693568,6858.92,26043.90272,6944.3,25352.704,6760.0,25790.863232,6876.83,45470
2020-04-10,27316.188416,7283.54,27361.9808,7295.75,25277.620992,6739.98,25723.693568,6858.92,104674
2020-04-09,27603.919104,7360.26,27647.648768,7371.92,26658.143232,7108.08,27316.188416,7283.54,61094
2020-04-08,26992.828928,7197.32,27827.968,7420.0,26815.36,7150.0,27607.744512,7361.28,76059
2020-04-07,27490.05696,7329.9,27976.821376,7459.69,26541.5808,7077.0,26992.828928,7197.32,103585
2020-04-06,25400.634112,6772.78,27584.717056,7355.14,25371.456,6765.0,27490.05696,7329.9,118052
2020-04-05,25718.030464,6857.41,25861.033216,6895.54,25043.371008,6677.52,25400.634112,6772.78,49685
2020-04-04,25251.330688,6732.97,26216.833664,6990.41,24940.197504,6650.01,25716.455296,6856.99,72990
2020-04-03,25479.692544,6793.86,26432.8192,7048.0,24760.51584,6602.1,25255.56864,6734.1,104080
2020-04-02,24915.257344,6643.36,26995.3792,7198.0,24568.8704,6551.0,25480.555136,6794.09,149299
2020-04-01,24048.089856,6412.14,25052.446976,6679.94,23065.372544,6150.11,24913.607168,6642.92,97500
2020-03-31,23981.74528,6394.45,24464.721792,6523.23,23707.77856,6321.4,24041.714176,6410.44,72337
2020-03-30,22054.2272,5880.5,24748.8896,6599.0,21968.943104,5857.76,23981.482752,6394.38,118889
2020-03-29,23389.93216,6236.65,23500.0064,6266.0,22001.946624,5866.56,22057.677568,5881.42,63311
2020-03-28,23849.206144,6359.11,23852.544,6360.0,22592.4096,6024.0,23389.93216,6236.65,93159
2020-03-27,25267.457408,6737.27,25662.449536,6842.59,23481.2544,6261.0,23849.206144,6359.11,82914
2020-03-26,25042.995968,6677.42,25427.712,6780.0,24415.104,6510.0,25267.794944,6737.36,83026
2020-03-25,25295.285376,6744.69,26095.133184,6957.96,24190.08,6450.0,25043.033472,6677.43,132155
2020-03-24,24247.2736,6465.25,25626.4832,6833.0,23895.036032,6371.33,25295.397888,6744.72,151138
2020-03-23,21812.51392,5816.05,24752.64,6600.0,21332.2752,5688.0,24254.999424,6467.31,164674
2020-03-22,23203.874816,6187.04,24032.075648,6407.87,21504.831104,5734.01,21813.038976,5816.19,119115
2020-03-21,23269.619328,6204.57,24216.257792,6456.98,21977.419008,5860.02,23203.649792,6186.98,128913
2020-03-20,23110.15232,6162.05,25877.76,6900.0,21264.768,5670.0,23283.833344,6208.36,219298
2020-03-19,20226.882304,5393.26,24002.56,6400.0,19699.088512,5252.53,23111.352448,6162.37,199020
2020-03-18,19924.525056,5312.64,20387.811968,5436.17,18787.141248,5009.37,20226.057216,5393.04,137127
2020-03-17,18860.236544,5028.86,20720.96,5525.0,18457.40608,4921.45,19924.525056,5312.64,150089
2020-03-16,20103.381632,5360.33,20122.471168,5365.42,16659.726848,4442.12,18860.649088,5028.97,227276
2020-03-15,19398.868992,5172.48,22277.376,5940.0,19101.16224,5093.1,20107.01952,5361.3,139916
2020-03-14,20912.41792,5576.05,21154.206208,5640.52,18958.759552,5055.13,19397.293824,5172.06,136910
2020-03-13,18001.957504,4800.01,22333.632,5955.0,14184.500352,3782.13,20921.98144,5578.6,402201
2020-03-12,29757.848832,7934.58,29876.323968,7966.17,16539.264,4410.0,18001.92,4800.0,261505
2020-03-11,29607.795328,7894.57,29928.192,7980.0,28465.536,7590.0,29757.623808,7934.52,79942
2020-03-10,29740.184448,7929.87,30562.0096,8149.0,28983.128704,7728.01,29607.757824,7894.56,86783
2020-03-09,30133.563904,8034.76,30675.684224,8179.31,28623.090304,7632.01,29740.184448,7929.87,116968
2020-03-08,33323.2416,8885.25,33328.904704,8886.76,30003.2,8000.0,30128.125824,8033.31,77537
2020-03-07,34244.489856,9130.89,34458.6752,9188.0,33134.784,8835.0,33328.529664,8886.66,45422
2020-03-06,33958.521856,9054.64,34391.168,9170.0,33699.2192,8985.5,34248.202752,9131.88,43782
2020-03-05,32819.712896,8750.99,34351.488768,9159.42,32803.023616,8746.54,33958.671872,9054.68,58201
2020-03-04,32853.766528,8760.07,33184.626816,8848.29,32478.464,8660.0,32819.262848,8750.87,38696
2020-03-03,33420.489472,8911.18,33452.25536,8919.65,32444.7104,8651.0,32853.766528,8760.07,55154
2020-03-02,31992.03712,8530.3,33625.1488,8965.75,31870.8992,8498.0,33435.716096,8915.24,60401
2020-03-01,31966.946944,8523.61,32816.0,8750.0,31544.6144,8411.0,31997.962752,8531.88,43892
2020-02-29,32593.97632,8690.8,32966.016,8790.0,31966.72192,8523.55,31966.946944,8523.61,36748
2020-02-28,33090.7168,8823.25,33378.56,8900.0,31672.128,8445.0,32601.889664,8692.91,71155
2020-02-27,32951.0144,8786.0,33647.726208,8971.77,31994.6624,8531.0,33090.566784,8823.21,72483
2020-02-26,34940.526592,9316.48,35169.150976,9377.44,32379.565952,8633.63,32948.2016,8785.25,92130
2020-02-25,36212.062208,9655.52,36285.12,9675.0,34691.2,9250.0,34938.126336,9315.84,54379
2020-02-24,37265.47456,9936.4,37466.496,9990.0,35529.639424,9473.56,36214.349952,9656.13,55796
2020-02-23,36194.54784,9650.85,37466.496,9990.0,36172.608,9645.0,37265.47456,9936.4,37702
2020-02-22,36292.80832,9677.05,36413.271168,9709.17,35853.899008,9560.02,36194.585344,9650.86,24636
2020-02-21,35993.376384,9597.21,36587.064704,9755.51,35817.107584,9550.21,36292.80832,9677.05,42181
2020-02-20,35983.77536,9594.65,36375.1296,9699.0,35253.76,9400.0,35990.413568,9596.42,60152
2020-02-19,38121.990912,10164.78,38441.6,10250.0,35066.24,9350.0,35980.550016,9593.79,55162
2020-02-18,36401.3824,9706.0,38441.6,10250.0,35913.867904,9576.01,38121.728384,10164.71,70604
2020-02-17,37169.08928,9910.7,37369.585664,9964.16,35451.293568,9452.67,36401.3824,9706.0,70261
2020-02-16,37145.686784,9904.46,37691.52,10050.0,36146.805248,9638.12,37193.729408,9917.27,60023
2020-02-15,38795.487744,10344.36,38910.4,10375.0,36757.6704,9801.0,37146.661888,9904.72,57657
2020-02-14,38358.266112,10227.78,38935.002624,10381.56,37921.682048,10111.37,38795.487744,10344.36,47038
2020-02-13,38724.117632,10325.33,39379.2,10500.0,37804.032,10080.0,38365.204352,10229.63,79344
2020-02-12,38340.639232,10223.08,39191.68,10450.0,38340.639232,10223.08,38728.355584,10326.46,61008
2020-02-11,36947.965696,9851.74,38717.591936,10323.59,36378.88,9700.0,38340.639232,10223.08,62422
2020-02-10,38073.010688,10151.72,38209.0752,10188.0,36588.9024,9756.0,36948.303232,9851.83,59573
2020-02-09,37110.358016,9895.04,38126.5664,10166.0,37056.7648,9880.75,38073.1232,10151.75,43408
2020-02-08,36805.938048,9813.87,37278.976,9940.0,36255.529344,9667.11,37110.39552,9895.05,43600
2020-02-07,36648.9088,9772.0,37072.704,9885.0,36491.392,9730.0,36805.412992,9813.73,43966
2020-02-06,36048.957312,9612.03,36988.582528,9862.57,35727.62304,9526.35,36648.9088,9772.0,64949
2020-02-05,34492.503808,9197.02,36545.58528,9744.45,34418.245888,9177.22,36048.994816,9612.04,64870
2020-02-04,34846.27904,9291.35,35066.24,9350.0,34102.424704,9093.01,34492.503808,9197.02,53308
2020-02-03,34997.195136,9331.59,36074.310016,9618.79,34631.1936,9234.0,34849.616896,9292.24,50892
2020-02-02,35195.291264,9384.41,35542.653312,9477.03,34203.648,9120.0,34996.895104,9331.51,45690
2020-02-01,35072.653184,9351.71,35495.773312,9464.53,34807.4624,9281.0,35196.041344,9384.61,28578
2020-01-31,35672.004608,9511.52,35742.137088,9530.22,34541.221504,9210.01,35077.078656,9352.89,45552
2020-01-30,34884.608128,9301.57,35921.3312,9578.0,34520.331776,9204.44,35678.342784,9513.21,60626
2020-01-29,35161.275136,9375.34,35438.429696,9449.24,34563.6864,9216.0,34884.458112,9301.53,53864
2020-01-28,33406.950528,8907.57,35253.76,9400.0,33237.54496,8862.4,35157.037184,9374.21,74584
2020-01-27,32307.408256,8614.39,33753.6,9000.0,32009.664,8535.0,33406.950528,8907.57,53973
2020-01-26,31278.373504,8340.01,32321.434752,8618.13,31104.542464,8293.66,32309.696,8615.0,31130
2020-01-25,31649.588096,8438.99,31695.605504,8451.26,30959.17696,8254.9,31280.511232,8340.58,25521
2020-01-24,31520.311808,8404.52,31983.486208,8528.02,30895.7952,8238.0,31649.6256,8439.0,41687
2020-01-23,32563.860608,8682.77,32597.764224,8691.81,31152.285056,8306.39,31520.311808,8404.52,48165
2020-01-22,32763.644416,8736.04,33071.0272,8818.0,32215.936,8590.0,32562.322944,8682.36,29080
2020-01-21,32412.26944,8642.35,32962.2656,8789.0,31833.3952,8488.0,32763.606912,8736.03,36494
2020-01-20,32634.930688,8701.72,32804.711296,8746.99,31958.208512,8521.28,32412.26944,8642.35,38896
2020-01-19,33435.153536,8915.09,34499.854592,9198.98,31750.8864,8466.0,32634.85568,8701.7,70676
2020-01-18,33428.327808,8913.27,33711.895552,8988.88,33027.447552,8806.38,33438.416384,8915.96,38294
2020-01-17,32704.05056,8720.15,33909.80416,9041.65,32525.118976,8672.44,33428.365312,8913.28,70897
2020-01-16,33078.565504,8820.01,33227.831424,8859.81,32200.9344,8586.0,32703.525504,8720.01,51991
2020-01-15,33058.425856,8814.64,33440.366592,8916.48,32118.4256,8564.0,33083.816064,8821.41,84816
2020-01-14,30417.019136,8110.34,33303.552,8880.0,30399.017216,8105.54,33041.061504,8810.01,120399
2020-01-13,30696.911488,8184.97,30738.2784,8196.0,30212.809856,8055.89,30417.019136,8110.34,31159
2020-01-12,30078.245504,8020.01,30742.0288,8197.0,29853.184,7960.0,30696.948992,8184.98,38131
2020-01-11,30749.004544,8198.86,31077.089536,8286.34,30015.051264,8003.16,30078.245504,8020.01,54810
2020-01-10,29319.652096,7817.74,30749.5296,8199.0,28773.0688,7672.0,30742.103808,8197.02,82406
2020-01-09,30208.421888,8054.72,30213.072384,8055.96,29065.6,7750.0,29319.727104,7817.76,64239
2020-01-08,30550.458368,8145.92,31709.632,8455.0,29515.648,7870.0,30213.147392,8055.98,112622
2020-01-07,29098.97856,7758.9,30782.083072,8207.68,28967.001984,7723.71,30548.058112,8145.28,91171
2020-01-06,27594.093056,7357.64,29235.643136,7795.34,27553.288704,7346.76,29095.6032,7758.0,54635
2020-01-05,27581.154176,7354.19,28109.248,7495.0,27445.4272,7318.0,27598.256,7358.75,38331
2020-01-04,27546.688,7345.0,27767.9616,7404.0,27273.696384,7272.21,27580.854144,7354.11,29987
2020-01-03,26123.373696,6965.49,27771.712,7405.0,25769.148416,6871.04,27546.537984,7344.96,68428
2020-01-02,27005.767808,7200.77,27049.76,7212.5,25970.544896,6924.74,26124.198784,6965.71,31951
2020-01-01,26985.028096,7195.24,27209.152,7255.0,26909.68256,7175.15,27006.06784,7200.85,16792
2019-12-31,27175.3984,7246.0,27452.928,7320.0,26796.645504,7145.01,26984.990592,7195.23,25954
2019-12-30,27709.567872,7388.43,27783.863296,7408.24,27077.888,7220.0,27175.3984,7246.0,29605
2019-12-29,27435.526144,7315.36,28234.69888,7528.45,27332.9152,7288.0,27708.855296,7388.24,31387
2019-12-28,27208.289408,7254.77,27621.733504,7365.01,27147.907968,7238.67,27438.451456,7316.14,26848
2019-12-27,27010.3808,7202.0,27287.385344,7275.86,26539.405568,7076.42,27208.176896,7254.74,33642
2019-12-26,27021.669504,7205.01,27884.224,7435.0,26842.062848,7157.12,27010.3808,7202.0,36259
2019-12-25,27212.039808,7255.77,27272.046208,7271.77,26736.076544,7128.86,27020.244352,7204.63,27492
2019-12-24,27442.80192,7317.3,27890.524672,7436.68,26841.762816,7157.04,27212.039808,7255.77,43629
2019-12-23,28130.662784,7500.71,28860.753152,7695.38,27249.806336,7265.84,27442.014336,7317.09,68051
2019-12-22,26746.315136,7131.59,28197.532416,7518.54,26712.111488,7122.47,28133.400576,7501.44,39137
2019-12-21,26957.912704,7188.01,26967.551232,7190.58,26646.592,7105.0,26750.6656,7132.75,19467
2019-12-20,26820.273024,7151.31,27077.888,7220.0,26550.9568,7079.5,26957.237632,7187.83,32132
2019-12-19,27294.773632,7277.83,27677.952,7380.0,26396.477824,7038.31,26816.48512,7150.3,55509
2019-12-18,24842.049536,6623.84,27902.976,7440.0,24133.824,6435.0,27294.773632,7277.83,95636
2019-12-17,25845.656576,6891.44,26036.064384,6942.21,24602.624,6560.0,24841.974528,6623.82,53865
2019-12-16,26701.34784,7119.6,26815.36,7150.0,25637.7344,6836.0,25846.706688,6891.72,43863
2019-12-15,26493.350656,7064.14,27004.00512,7200.3,26284.11584,7008.35,26697.559936,7118.59,26395
2019-12-14,27218.040448,7257.37,27272.046208,7271.77,26297.8048,7012.0,26493.01312,7064.05,29561
2019-12-13,26994.479104,7197.76,27411.86112,7309.05,26968.226304,7190.76,27222.203392,7258.48,27609
2019-12-12,27040.384,7210.0,27359.168,7295.0,26553.95712,7080.3,26995.679232,7198.08,42288
2019-12-11,27093.45216,7224.15,27286.0352,7275.5,26724.075264,7125.66,27040.384,7210.0,30093
2019-12-10,27522.835456,7338.64,27781.46304,7407.6,26841.98784,7157.1,27093.377152,7224.13,49723
2019-12-09,28165.916544,7510.11,28690.56,7650.0,27276.6592,7273.0,27522.835456,7338.64,46621
2019-12-08,28080.407424,7487.31,28368.0256,7564.0,27658.674944,7374.86,28165.916544,7510.11,29856
2019-12-07,28232.26112,7527.8,28576.622848,7619.62,28016.088064,7470.16,28083.782784,7488.21,31498
2019-12-06,27711.7056,7389.0,28465.648512,7590.03,27396.672,7305.0,28231.023488,7527.47,48189
2019-12-05,26982.590336,7194.59,28071.744,7485.0,26815.36,7150.0,27711.7056,7389.0,59306
2019-12-04,27350.579584,7292.71,29065.6,7750.0,26504.0768,7067.0,26981.577728,7194.32,83147
2019-12-03,27356.992768,7294.42,27752.96,7400.0,27157.95904,7241.35,27350.579584,7292.71,33149
2019-12-02,27721.0816,7391.5,27830.068224,7420.56,26819.48544,7151.1,27356.467712,7294.28,46330
2019-12-01,28280.378752,7540.63,28284.95424,7541.85,27040.384,7210.0,27718.793856,7390.89,60769
2019-11-30,29031.808896,7740.99,29290.624,7810.0,27906.7264,7441.0,28285.104256,7541.89,46989
2019-11-29,27822.417408,7418.52,29440.64,7850.0,27611.56992,7362.3,29026.895872,7739.68,60745
2019-11-28,28157.62816,7507.9,28664.3072,7643.0,27602.944,7360.0,27826.055296,7419.49,56933
2019-11-27,26833.1744,7154.75,28709.312,7655.0,25652.736,6840.0,28159.953408,7508.52,92452
2019-11-26,26665.306496,7109.99,27527.936,7340.0,26318.356992,7017.48,26838.387456,7156.14,65722
2019-11-25,25878.622592,6900.23,27669.288576,7377.69,24433.856,6515.0,26663.731328,7109.57,119645
2019-11-24,27419.54944,7311.1,27491.894656,7330.39,25731.4944,6861.0,25890.061312,6903.28,67890
2019-11-23,27258.769792,7268.23,27544.737792,7344.48,26552.869504,7080.01,27421.312128,7311.57,50449
2019-11-22,28607.263616,7627.79,29065.6,7750.0,25465.216,6790.0,27258.769792,7268.23,126603
2019-11-21,30372.839424,8098.56,30508.491392,8134.73,28128.0,7500.0,28607.076096,7627.74,58418
2019-11-20,30505.116032,8133.83,30994.393216,8264.29,30147.21536,8038.4,30370.776704,8098.01,32466
2019-11-19,30702.6496,8186.5,30823.149952,8218.63,30014.4512,8003.0,30504.403456,8133.64,43556
2019-11-18,31889.163648,8502.87,31891.601408,8503.52,30228.224,8060.0,30705.162368,8187.17,43017
2019-11-17,31843.671296,8490.74,32384.704,8635.0,31318.390272,8350.68,31887.40096,8502.4,27009
2019-11-16,31771.963648,8471.62,32039.6672,8543.0,31503.36,8400.0,31844.721408,8491.02,20902
2019-11-15,32427.383552,8646.38,32966.016,8790.0,31503.36,8400.0,31772.376192,8471.73,46087
2019-11-14,32919.286016,8777.54,33003.52,8800.0,32188.18304,8582.6,32428.508672,8646.68,33468
2019-11-13,33085.691264,8821.91,33172.250496,8844.99,32635.9808,8702.0,32917.710848,8777.12,26810
2019-11-12,32753.593344,8733.36,33333.5552,8888.0,32131.92704,8567.6,33085.803776,8821.94,40366
2019-11-11,33904.216064,9040.16,34024.828928,9072.32,32323.497472,8618.68,32753.255808,8733.27,44888
2019-11-10,33037.948672,8809.18,34305.621376,9147.19,32816.0,8750.0,33901.628288,9039.47,34422
2019-11-09,32905.034496,8773.74,33303.552,8880.0,32721.789952,8724.88,33038.811264,8809.41,29469
2019-11-08,34556.1856,9214.0,34732.4544,9261.0,32613.4784,8696.0,32904.996992,8773.73,62107
2019-11-07,35025.585664,9339.16,35160.0,9375.0,34132.3904,9101.0,34564.43648,9216.2,39117
2019-11-06,34907.710592,9307.73,35407.188864,9440.91,34691.237504,9250.01,35025.17312,9339.05,37336
2019-11-05,35225.25696,9392.4,35459.84448,9454.95,34412.770304,9175.76,34911.198464,9308.66,45935
2019-11-04,34490.403584,9196.46,35680.105472,9513.68,34188.046336,9115.84,35228.81984,9393.35,45894
2019-11-03,34840.65344,9289.85,35113.382528,9362.57,34001.651456,9066.14,34483.840384,9194.71,27894
2019-11-02,34621.44256,9231.4,35155.274496,9373.74,34451.961984,9186.21,34839.415808,9289.52,28923
2019-11-01,34281.881344,9140.86,34799.9616,9279.0,33866.112,9030.0,34622.230144,9231.61,43594
2019-10-31,34331.236608,9154.02,35272.512,9405.0,33427.3152,8913.0,34281.84384,9140.85,54376
2019-10-30,35282.338048,9407.62,35290.663936,9409.84,33757.387904,9001.01,34333.861888,9154.72,55241
2019-10-29,34520.36928,9204.45,35816.32,9550.0,34023.6288,9072.0,35282.338048,9407.62,64158
2019-10-28,35734.673792,9528.23,37136.83584,9902.1,34353.664,9160.0,34522.957056,9205.14,80174
2019-10-27,34616.192,9230.0,36735.092992,9794.98,34032.404736,9074.34,35741.049472,9529.93,93833
2019-10-26,32463.012352,8655.88,38891.648,10370.0,31767.313152,8470.38,34616.192,9230.0,162588
2019-10-25,27799.502464,7412.41,32999.7696,8799.0,27606.6944,7361.0,32459.787008,8655.02,90748
2019-10-24,28009.749888,7468.47,28141.801472,7503.68,27520.397696,7337.99,27799.502464,7412.41,32714
2019-10-23,30078.433024,8020.06,30181.681536,8047.59,27377.92,7300.0,28002.811648,7466.62,63897
2019-10-22,30743.078912,8197.28,31120.781696,8297.99,30003.2,8000.0,30078.208,8020.0,34651
2019-10-21,30840.85184,8223.35,31252.0832,8333.0,30535.869312,8142.03,30743.041408,8197.27,30448
2019-10-20,29815.192448,7949.87,31117.0688,8297.0,29515.648,7870.0,30840.85184,8223.35,34286
2019-10-19,29804.016256,7946.89,30371.11424,8098.1,29504.096768,7866.92,29808.216704,7948.01,26627
2019-10-18,30268.390784,8070.71,30434.496,8115.0,29313.163904,7816.01,29804.466304,7947.01,31353
2019-10-17,29984.523008,7995.02,30471.699968,8124.92,29737.034112,7929.03,30267.903232,8070.58,29656
2019-10-16,30600.63872,8159.3,30682.622464,8181.16,29691.9168,7917.0,29972.221696,7991.74,34733
2019-10-15,31304.063744,8346.86,31514.6112,8403.0,30340.736,8090.0,30600.601216,8159.29,32773
2019-10-14,31035.460096,8275.24,31461.54304,8388.85,30764.5312,8203.0,31309.08928,8348.2,29810
2019-10-13,31135.745792,8301.98,31696.018048,8451.37,30603.264,8160.0,31034.597504,8275.01,27840
2019-10-12,30970.61568,8257.95,31503.36,8400.0,30940.8,8250.0,31128.657536,8300.09,21339
2019-10-11,32095.248128,8557.82,32926.674304,8779.51,30799.709952,8212.38,30972.6784,8258.5,50405
2019-10-10,32111.48736,8562.15,32418.4576,8644.0,31557.815808,8414.52,32096.035712,8558.03,39137
2019-10-09,30643.730816,8170.79,32515.968,8670.0,30434.496,8115.0,32106.199296,8560.74,55038
2019-10-08,30718.851328,8190.82,31222.08,8325.0,30336.048,8088.75,30634.729856,8168.39,35452
2019-10-07,29460.51712,7855.3,31128.019968,8299.92,29110.6048,7762.0,30716.113536,8190.09,52202
2019-10-06,30481.56352,8127.55,30580.274048,8153.87,29196.864,7785.0,29456.5792,7854.25,34676
2019-10-05,30517.342336,8137.09,30691.060864,8183.41,30051.880192,8012.98,30476.462976,8126.19,21907
2019-10-04,30844.902272,8224.43,30874.830464,8232.41,30021.952,8005.0,30517.492352,8137.13,26476
2019-10-03,31353.344,8360.0,31477.1072,8393.0,30228.224,8060.0,30843.139584,8223.96,30488
2019-10-02,31100.829568,8292.67,31405.512064,8373.91,30570.335488,8151.22,31353.118976,8359.94,26243
2019-10-01,31090.703488,8289.97,31878.4,8500.0,30652.20672,8173.05,31099.966976,8292.44,43472
2019-09-30,30164.617216,8043.04,31268.059904,8337.26,28915.584,7710.0,31088.340736,8289.34,55865
2019-09-29,30750.954752,8199.38,30862.529152,8229.13,29590.656,7890.0,30167.542528,8043.82,31544
2019-09-28,30668.783488,8177.47,31184.576,8315.0,30007.287936,8001.09,30748.817024,8198.81,34473
2019-09-27,30241.312896,8063.49,30997.056,8265.0,29448.70336,7852.15,30670.433664,8177.91,43882
2019-09-26,31616.05952,8430.05,31750.848896,8465.99,29065.6,7750.0,30242.212992,8063.73,67930
2019-09-25,31869.21152,8497.55,32740.992,8730.0,30811.936256,8215.64,31616.05952,8430.05,60783
2019-09-24,36387.13088,9702.2,36735.130496,9794.99,29253.12,7800.0,31852.672256,8493.14,94007
2019-09-23,37609.19872,10028.05,37691.482496,10049.99,36062.983808,9615.77,36387.3184,9702.25,31937
2019-09-22,37448.30656,9985.15,37837.7856,10089.0,36956.329088,9853.97,37612.274048,10028.87,22049
2019-09-21,38133.767168,10167.92,38166.69568,10176.7,37128.96,9900.0,37452.957056,9986.39,20544
2019-09-20,38417.97248,10243.7,38557.8624,10281.0,37734.237056,10061.39,38136.279936,10168.59,25088
2019-09-19,38090.600064,10156.41,38722.88,10325.0,36202.6112,9653.0,38420.185216,10244.29,44826
2019-09-18,38207.124992,10187.48,38471.678208,10258.02,37879.04,10100.0,38092.775296,10156.99,24250
2019-09-17,38440.399872,10249.68,38535.36,10275.0,37984.088704,10128.01,38208.400128,10187.82,22914
2019-09-16,38641.646336,10303.34,38835.392,10355.0,37796.5312,10078.0,38446.513024,10251.31,28971
2019-09-15,38752.170624,10332.81,38854.144,10360.0,38449.66336,10252.15,38636.658304,10302.01,18047
2019-09-14,38794.625152,10344.13,39079.130496,10419.99,38337.826432,10222.33,38760.459008,10335.02,23621
2019-09-13,39060.453504,10415.01,39150.4256,10439.0,38077.8112,10153.0,38786.861824,10342.06,30280
2019-09-12,38099.376,10158.75,39187.217024,10448.81,37654.016,10040.0,39060.453504,10415.01,34511
2019-09-11,37872.251776,10098.19,38602.8672,10293.0,37053.952,9880.0,38097.800832,10158.33,31953
2019-09-10,38638.796032,10302.58,38947.866496,10384.99,37327.7312,9953.0,37872.10176,10098.15,28915
2019-09-09,38933.802496,10381.24,39304.192,10480.0,37760.9024,10068.5,38640.821248,10303.12,39835
2019-09-08,39213.80736,10455.9,39726.112,10592.5,38284.0832,10208.0,38933.577472,10381.18,23984
2019-09-07,38624.281984,10298.71,39596.7232,10558.0,38586.252928,10288.57,39213.732352,10455.88,27637
2019-09-06,39615.962752,10563.13,40901.374848,10905.87,38066.56,10150.0,38624.356992,10298.73,58799
2019-09-05,39626.426368,10565.92,40879.36,10900.0,39191.68,10450.0,39621.063296,10564.49,33970
2019-09-04,39798.68224,10611.85,40500.5696,10799.0,38891.235456,10369.89,39630.551808,10567.02,43943
2019-09-03,38779.136,10340.0,40403.0592,10773.0,38524.1088,10272.0,39811.546112,10615.28,47998
2019-09-02,36467.351936,9723.59,39191.68,10450.0,36425.76,9712.5,38779.136,10340.0,44740
2019-09-01,35961.610496,9588.74,36866.432,9830.0,35703.808,9520.0,36472.564992,9724.98,19545
2019-08-31,35939.183104,9582.76,36320.786304,9684.51,35331.5808,9420.75,35956.847488,9587.47,17130
2019-08-30,35625.087104,9499.01,36363.8784,9696.0,35067.777664,9350.41,35945.858816,9584.54,26834
2019-08-29,36457.6384,9721.0,36468.8896,9724.0,34953.728,9320.0,35622.949376,9498.44,35532
2019-08-28,38200.411776,10185.69,38625.3696,10299.0,36007.627904,9601.01,36457.6384,9721.0,42110
2019-08-27,38905.14944,10373.6,38970.706432,10391.08,37695.570432,10051.08,38198.01152,10185.05,28402
2019-08-26,38039.144576,10142.69,39769.2416,10604.0,38021.292672,10137.93,38900.0864,10372.25,41687
2019-08-25,38008.841344,10134.61,38752.8832,10333.0,37155.100288,9906.97,38039.144576,10142.69,26271
2019-08-24,38959.755264,10388.16,39076.992768,10419.42,37091.456,9890.0,38007.86624,10134.35,27692
2019-08-23,37878.66496,10099.9,39172.928,10445.0,37578.220416,10019.79,38964.96832,10389.55,27550
2019-08-22,38032.131328,10140.82,38411.5968,10242.0,36611.4048,9762.0,37878.589952,10099.88,34059
2019-08-21,40356.216704,10760.51,40519.809152,10804.13,36971.4432,9858.0,38038.694528,10142.57,47355
2019-08-20,40934.603392,10914.73,41066.729984,10949.96,39604.224,10560.0,40356.216704,10760.51,32298
2019-08-19,38652.259968,10306.17,40991.872,10930.0,38473.85344,10258.6,40937.641216,10915.54,37243
2019-08-18,38314.27392,10216.05,39379.2,10500.0,37804.032,10080.0,38654.547712,10306.78,24085
2019-08-17,38745.94496,10331.15,39248.461056,10465.14,37504.0,10000.0,38314.161408,10216.02,29000
2019-08-16,38617.006208,10296.77,39514.326912,10536.03,36566.4,9750.0,38747.407616,10331.54,51758
2019-08-15,37710.872064,10055.16,39229.184,10460.0,37170.2144,9911.0,38606.355072,10293.93,38174
2019-08-14,40854.457344,10893.36,40869.908992,10897.48,37234.34624,9928.1,37692.907648,10050.37,54451
2019-08-13,42748.37184,11398.35,42965.182464,11456.16,40461.00288,10788.45,40852.019584,10892.71,33234
2019-08-12,43276.165632,11539.08,43421.718656,11577.89,42136.944128,11235.32,42739.858432,11396.08,17568
2019-08-11,42414.173696,11309.24,43504.64,11600.0,41674.857344,11112.11,43317.007488,11549.97,26772
2019-08-10,44554.676992,11879.98,44948.544,11985.0,42267.008,11270.0,42414.436224,11309.31,42633
2019-08-09,44982.935168,11994.17,45176.118272,12045.68,43879.68,11700.0,44554.714496,11879.99,39427
2019-08-08,44911.190016,11975.04,45229.824,12060.0,43208.3584,11521.0,45003.937408,11999.77,51207
2019-08-07,43060.930176,11481.69,45534.243968,12141.17,42690.203136,11382.84,44911.152512,11975.03,69173
2019-08-06,44367.232,11830.0,46245.05728,12330.7,42104.61568,11226.7,43060.930176,11481.69,76705
2019-08-05,40991.834496,10929.99,44770.475008,11937.52,40983.62112,10927.8,44362.73152,11828.8,65153
2019-08-04,40567.551744,10816.86,41404.416,11040.0,39574.2208,10552.0,40988.984192,10929.23,39924
2019-08-03,39468.272,10523.75,40897.249408,10904.77,39371.436672,10497.93,40567.551744,10816.86,33802
2019-08-02,38910.4,10375.0,40016.768,10670.0,38559.17504,10281.35,39468.272,10523.75,42990
2019-08-01,37806.019712,10080.53,39258.662144,10467.86,36991.920384,9863.46,38910.362496,10374.99,41727
2019-07-31,35910.08,9575.0,37915.79392,10109.8,35835.072,9555.0,37806.019712,10080.53,39515
2019-07-30,35662.816128,9509.07,36432.435712,9714.28,35261.2608,9402.0,35907.117184,9574.21,32536
2019-07-29,35784.591616,9541.54,36487.6416,9729.0,35235.008,9395.0,35657.453056,9507.64,29021
2019-07-28,35549.741568,9478.92,35985.050496,9594.99,34372.416,9165.0,35784.591616,9541.54,29401
2019-07-27,36843.9296,9824.0,38211.550464,10188.66,35002.4832,9333.0,35540.740608,9476.52,43809
2019-07-26,37062.01536,9882.15,37091.380992,9889.98,36142.6048,9637.0,36843.9296,9824.0,27167
2019-07-25,36616.65536,9763.4,38160.32,10175.0,36454.000512,9720.03,37053.464448,9879.87,37873
2019-07-24,36996.870912,9864.78,37267.7248,9937.0,35722.56,9525.0,36616.205312,9763.28,43475
2019-07-23,38790.687232,10343.08,38794.025088,10343.97,36836.4288,9822.0,36997.358464,9864.91,47624
2019-07-22,39717.29856,10590.15,40066.123264,10683.16,37879.04,10100.0,38780.298624,10340.31,40467
2019-07-21,40280.308608,10740.27,40571.45216,10817.9,38584.1152,10288.0,39714.67328,10589.45,38834
2019-07-20,39400.877312,10505.78,41513.140096,11068.99,38816.64,10350.0,40280.158592,10740.23,47331
2019-07-19,39861.651456,10628.64,40390.720384,10769.71,37960.948736,10121.84,39395.289216,10504.29,56546
2019-07-18,36262.092544,9668.86,40459.3152,10788.0,34698.7008,9252.0,39856.100864,10627.16,80283
2019-07-17,35366.909568,9430.17,37342.7328,9957.0,33978.624,9060.0,36258.567168,9667.92,84942
2019-07-16,40631.008512,10833.78,41359.4112,11028.0,35066.277504,9350.01,35402.238336,9439.59,97219
2019-07-15,38157.244672,10174.18,41629.44,11100.0,36978.944,9860.0,40649.535488,10838.72,81922
2019-07-14,42588.717312,11355.78,42949.5808,11452.0,37890.2912,10103.0,38157.244672,10174.18,72517
2019-07-13,44094.277888,11757.22,44254.644992,11799.98,40616.832,10830.0,42588.642304,11355.76,54245
2019-07-12,42540.337152,11342.88,44573.504,11885.0,41528.1792,11073.0,44094.277888,11757.22,56321
2019-07-11,45410.255744,12108.11,45423.832192,12111.73,41254.4,11000.0,42540.374656,11342.89,87506
2019-07-10,47061.931904,12548.51,49306.808832,13147.08,43388.3776,11569.0,45411.230848,12108.37,109246
2019-07-09,45899.64544,12238.6,47985.355392,12794.73,45259.8272,12068.0,47042.804864,12543.41,78442
2019-07-08,42792.064,11410.0,46272.547712,12338.03,42079.488,11220.0,45899.64544,12238.6,52182
2019-07-07,42216.19008,11256.45,43272.1152,11538.0,41608.325248,11094.37,42777.962496,11406.24,38884
2019-07-06,41188.430464,10982.41,43748.416,11665.0,41121.298304,10964.51,42216.340096,11256.49,51469
2019-07-05,41800.720768,11145.67,42780.175232,11406.83,40490.968576,10796.44,41144.625792,10970.73,63534
2019-07-04,44779.776,11940.0,45004.8,12000.0,41460.672,11055.0,41800.720768,11145.67,66512
2019-07-03,40673.012992,10844.98,44974.384256,11991.89,40658.236416,10841.04,44779.776,11940.0,96815
2019-07-02,39847.62496,10624.9,41024.688,10938.75,36480.1408,9727.0,40665.02464,10842.85,109561
2019-07-01,40707.21664,10854.1,42313.062912,11282.28,37616.512,10030.0,39847.737472,10624.93,90962
2019-06-30,44641.498752,11903.13,45679.872,12180.0,40376.918912,10766.03,40707.21664,10854.1,84512
2019-06-29,46531.437824,12407.06,46660.751616,12441.54,43035.915008,11475.02,44641.498752,11903.13,69642
2019-06-28,42491.994496,11329.99,46804.992,12480.0,41190.193152,10982.88,46507.322752,12400.63,95795
2019-06-27,49124.164352,13098.38,50548.041216,13478.04,39473.33504,10525.1,42491.994496,11329.99,173894
2019-06-26,44334.528512,11821.28,52393.088,13970.0,44033.4464,11741.0,49106.98752,13093.8,155930
2019-06-25,41466.635136,11056.59,44442.24,11850.0,41351.9104,11026.0,44332.953344,11820.86,61276
2019-06-24,40901.67488,10905.95,41793.069952,11143.63,39832.24832,10620.8,41466.635136,11056.59,43101
2019-06-23,40238.0416,10729.0,42726.957056,11392.64,39586.147072,10555.18,40902.124928,10906.07,57445
2019-06-22,38103.538944,10159.86,41854.464,11160.0,37210.418688,9921.72,40239.9168,10729.5,104169
2019-06-21,35696.532224,9518.06,38160.282496,10174.99,35696.532224,9518.06,38103.538944,10159.86,50484
2019-06-20,34705.301504,9253.76,35966.336,9590.0,34410.67008,9175.2,35693.006848,9517.12,34556
2019-06-19,34061.020288,9081.97,34893.7216,9304.0,33603.584,8960.0,34711.789696,9255.49,32147
2019-06-18,34924.212352,9312.13,35015.084544,9336.36,33566.08,8950.0,34059.44512,9081.55,51554
2019-06-17,33577.3312,8953.0,35418.7776,9444.0,33566.08,8950.0,34931.075584,9313.96,47895
2019-06-16,33043.911808,8810.77,35002.4832,9333.0,32853.504,8760.0,33578.568832,8953.33,63289
2019-06-15,32444.260352,8650.88,33247.258496,8864.99,32132.039552,8567.63,33036.14848,8808.7,31791
2019-06-14,30814.936576,8216.44,32570.011264,8684.41,30544.457728,8144.32,32440.96,8650.0,39835
2019-06-13,30481.901056,8127.64,31165.148928,8309.82,30040.816512,8010.03,30822.812416,8218.54,30467
2019-06-12,29571.52896,7884.9,30753.28,8200.0,29211.828096,7788.99,30481.901056,8127.64,41597
2019-06-11,29931.9424,7981.0,30040.704,8010.0,28848.939392,7692.23,29571.52896,7884.9,30334
2019-06-10,28606.438528,7627.57,30078.208,8020.0,28169.2544,7511.0,29938.5056,7982.75,36756
2019-06-09,29610.458112,7895.28,29759.424,7935.0,28152.977664,7506.66,28608.538752,7628.13,31568
2019-06-08,29924.216576,7978.94,30170.65536,8044.65,29069.3504,7751.0,29604.232448,7893.62,22657
2019-06-07,29206.502528,7787.57,30378.24,8100.0,29018.682496,7737.49,29930.179712,7980.53,33942
2019-06-06,29170.911232,7778.08,29508.634752,7868.13,27920.152832,7444.58,29203.23968,7786.7,36624
2019-06-05,28829.474816,7687.04,29615.78368,7896.7,28400.954112,7572.78,29164.9856,7776.5,48679
2019-06-04,30436.971264,8115.66,30436.971264,8115.66,28056.817408,7481.02,28829.437312,7687.03,74143
2019-06-03,32725.9904,8726.0,33007.08288,8800.95,30306.23232,8080.8,30437.571328,8115.82,45692
2019-06-02,32047.54304,8545.1,33058.950912,8814.78,31968.4096,8524.0,32725.915392,8725.98,27835
2019-06-01,32084.672,8555.0,32350.9504,8626.0,31662.226944,8442.36,32043.680128,8544.07,31868
2019-05-31,31004.93184,8267.1,32230.9376,8594.0,30410.1184,8108.5,32084.672,8555.0,44727
2019-05-30,32427.8336,8646.5,34032.104704,9074.26,30021.952,8005.0,31014.082816,8269.54,70379
2019-05-29,32691.749248,8716.87,32816.0,8750.0,31528.11264,8406.6,32424.758272,8645.68,33880
2019-05-28,32825.451008,8752.52,32997.856896,8798.49,31918.266752,8510.63,32687.136256,8715.64,31470
2019-05-27,32300.470016,8612.54,33409.763328,8908.32,32212.1856,8589.0,32839.702528,8756.32,51886
2019-05-26,30089.4592,8023.0,32778.496,8740.0,29378.458368,7833.42,32307.558272,8614.43,49652
2019-05-25,29870.135808,7964.52,30347.48672,8091.8,29659.438336,7908.34,30098.497664,8025.41,28414
2019-05-24,29440.45248,7849.95,30490.752,8130.0,29125.6064,7766.0,29871.448448,7964.87,46664
2019-05-23,28607.30112,7627.8,29781.851392,7940.98,27981.7344,7461.0,29446.303104,7851.51,49648
2019-05-22,29644.961792,7904.48,30063.2064,8016.0,27996.736,7465.0,28609.663872,7628.43,49136
2019-05-21,29767.524864,7937.16,30161.916928,8042.32,29144.3584,7771.0,29646.424448,7904.87,52301
2019-05-20,30558.034176,8147.94,30588.374912,8156.03,28326.7712,7553.0,29771.23776,7938.15,65859
2019-05-19,27217.852928,7257.32,31034.897536,8275.09,27164.447232,7243.08,30560.059392,8148.48,65577
2019-05-18,27585.242112,7355.28,27970.4832,7458.0,26840.150144,7156.61,27218.34048,7257.45,37054
2019-05-17,29510.659968,7868.67,29721.92,7925.0,25926.5152,6913.0,27585.167104,7355.26,88752
2019-05-16,30637.317632,8169.08,31203.328,8320.0,28896.832,7705.0,29502.859136,7866.59,69630
2019-05-15,29797.903104,7945.26,30937.0496,8249.0,29440.64,7850.0,30640.280448,8169.87,37884
2019-05-14,29236.693248,7795.62,31375.8464,8366.0,28501.389824,7599.56,29806.529024,7947.56,76583
2019-05-13,26133.687296,6968.24,30378.24,8100.0,25765.248,6870.0,29218.278784,7790.71,85804
2019-05-12,26538.730496,7076.24,28209.683712,7521.78,25315.2,6750.0,26130.199424,6967.31,86948
2019-05-11,23909.400064,6375.16,27542.900096,7343.99,23900.73664,6372.85,26538.655488,7076.22,74022
2019-05-10,23289.79648,6209.95,24261.037568,6468.92,23147.4688,6172.0,23902.536832,6373.33,36623
2019-05-09,22452.369664,5986.66,23344.55232,6224.55,22441.305984,5983.71,23286.908672,6209.18,27453
2019-05-08,21926.113536,5846.34,22557.605888,6014.72,21648.05888,5772.2,22454.732416,5987.29,23074
2019-05-07,21564.499968,5749.92,22608.948864,6028.41,21556.324096,5747.74,21926.113536,5846.34,39905
2019-05-06,21651.734272,5773.18,21771.072,5805.0,21074.022656,5619.14,21556.511616,5747.79,25256
2019-05-05,21864.194432,5829.83,21901.96096,5839.9,21362.2784,5696.0,21660.885248,5775.62,23822
2019-05-04,21642.133248,5770.62,22127.36,5900.0,20955.17248,5587.45,21862.76928,5829.45,39682
2019-05-03,20607.735424,5494.81,21917.3376,5844.0,20543.078528,5477.57,21649.896576,5772.69,46297
2019-05-02,20189.15328,5383.2,20769.7152,5538.0,20139.648,5370.0,20600.459648,5492.87,22795
2019-05-01,19959.403776,5321.94,20259.6608,5402.0,19937.87648,5316.2,20189.15328,5383.2,17217
2019-04-30,19645.120256,5238.14,20027.060992,5339.98,19472.63936,5192.15,19955.165824,5320.81,22238
2019-04-29,19913.911424,5309.81,19997.1328,5332.0,19422.57152,5178.8,19645.120256,5238.14,19918
2019-04-28,19860.955776,5295.69,20027.136,5340.0,19725.153792,5259.48,19905.323008,5307.52,14371
2019-04-27,19933.376,5315.0,20036.512,5342.5,19718.365568,5257.67,19860.955776,5295.69,15422
2019-04-26,19578.850688,5220.47,20664.704,5510.0,19358.139648,5161.62,19930.00064,5314.1,48912
2019-04-25,20308.416,5415.0,20596.596736,5491.84,19134.5408,5102.0,19576.71296,5219.9,49636
2019-04-24,20593.108864,5490.91,20935.48288,5582.2,20002.19584,5333.35,20308.416,5415.0,48224
2019-04-23,20091.417856,5357.14,21002.24,5600.0,19998.670464,5332.41,20602.109824,5493.31,41262
2019-04-22,19717.390464,5257.41,20252.16,5400.0,19533.39584,5208.35,20091.417856,5357.14,29563
2019-04-21,19850.529664,5292.91,19930.93824,5314.35,19370.816,5165.0,19712.627456,5256.14,25549
2019-04-20,19722.153472,5258.68,20002.458368,5333.42,19614.96704,5230.1,19846.104192,5291.73,19168
2019-04-19,19721.253376,5258.44,19952.128,5320.0,19408.32,5175.0,19722.153472,5258.68,24611
2019-04-18,19511.118464,5202.41,19828.3648,5287.0,19497.57952,5198.8,19721.253376,5258.44,22619
2019-04-17,19403.519488,5173.72,19616.09216,5230.4,19302.55872,5146.8,19512.656128,5202.82,23307
2019-04-16,18845.57248,5024.95,19493.529088,5197.72,18766.776576,5003.94,19403.519488,5173.72,24242
2019-04-15,19244.352512,5131.28,19379.741952,5167.38,18564.48,4950.0,18845.57248,5024.95,29057
2019-04-14,18929.95648,5047.45,19325.773696,5152.99,18752.0,5000.0,19244.42752,5131.3,18281
2019-04-13,18928.2688,5047.0,19123.2896,5099.0,18767.0016,5004.0,18921.593088,5045.22,17292
2019-04-12,18817.144448,5017.37,19054.207232,5080.58,18231.519488,4861.22,18932.056704,5048.01,33276
2019-04-11,19906.598144,5307.86,19999.645568,5332.67,18478.2208,4927.0,18817.144448,5017.37,54696
2019-04-10,19314.56,5150.0,20334.6688,5422.0,19258.304,5135.0,19908.0608,5308.25,40073
2019-04-09,19646.020352,5238.38,19646.09536,5238.4,19039.580672,5076.68,19314.56,5150.0,34067
2019-04-08,19390.580608,5170.27,19895.872,5305.0,18898.2656,5039.0,19640.46976,5236.9,50178
2019-04-07,18909.779328,5042.07,19629.5936,5234.0,18849.5104,5026.0,19390.580608,5170.27,37615
2019-04-06,18770.601984,5004.96,19520.832,5205.0,18484.183936,4928.59,18916.605056,5043.89,41770
2019-04-05,18371.859456,4898.64,18857.836288,5028.22,18304.277248,4880.62,18770.56448,5004.95,39768
2019-04-04,18499.185536,4932.59,18898.565632,5039.08,17915.6608,4777.0,18371.934464,4898.66,61054
2019-04-03,18216.405376,4857.19,19783.397504,5275.01,17827.5264,4753.5,18499.22304,4932.6,109890
2019-04-02,15543.682816,4144.54,18369.421696,4897.99,15528.681216,4140.54,18216.780416,4857.29,105383
2019-04-01,15385.790976,4102.44,15596.78848,4158.7,15252.8768,4067.0,15543.757824,4144.56,25507
2019-03-31,15402.855296,4106.99,15437.096448,4116.12,15311.270528,4082.57,15391.45408,4103.95,13525
2019-03-30,15392.541696,4104.24,15526.656,4140.0,15196.6208,4052.0,15402.780288,4106.97,19509
2019-03-29,15107.436288,4028.22,15465.561984,4123.71,15091.722112,4024.03,15388.8288,4103.25,30084
2019-03-28,15150.040832,4039.58,15150.49088,4039.7,15009.1008,4002.0,15105.898624,4027.81,20089
2019-03-27,14809.467008,3948.77,15181.6192,4048.0,14762.13696,3936.15,15144.30272,4038.05,32364
2019-03-26,14759.586688,3935.47,14847.758592,3958.98,14604.0576,3894.0,14808.64192,3948.55,29349
2019-03-25,14969.15904,3991.35,14998.97472,3999.3,14584.217984,3888.71,14762.024448,3936.12,33192
2019-03-24,15024.139904,4006.01,15024.177408,4006.02,14814.08,3950.0,14972.271872,3992.18,17179
2019-03-23,14956.182656,3987.89,15072.220032,4018.83,14919.128704,3978.01,15024.139904,4006.01,17302
2019-03-22,14929.77984,3980.85,15031.6032,4008.0,14882.5248,3968.25,14952.582272,3986.93,20022
2019-03-21,15163.017216,4043.04,15261.577728,4069.32,14551.589504,3880.01,14928.992256,3980.64,35997
2019-03-20,15067.156992,4017.48,15189.12,4050.0,14928.4672,3980.5,15163.017216,4043.04,23432
2019-03-19,14955.957632,3987.83,15117.8624,4031.0,14889.088,3970.0,15059.843712,4015.53,19893
2019-03-18,14933.53024,3981.85,15140.3648,4037.0,14826.568832,3953.33,14955.882624,3987.81,22454
2019-03-17,15024.027392,4005.98,15046.6048,4012.0,14814.117504,3950.01,14930.867456,3981.14,18814
2019-03-16,14718.294784,3924.46,15215.297792,4056.98,14708.993792,3921.98,15024.027392,4005.98,28568
2019-03-15,14540.750848,3877.12,14773.650688,3939.22,14522.29888,3872.2,14715.669504,3923.76,21740
2019-03-14,14499.0464,3866.0,14701.568,3920.0,14290.636672,3810.43,14540.750848,3877.12,27048
2019-03-13,14561.640576,3882.69,14602.407424,3893.56,14401.536,3840.0,14499.0464,3866.0,24461
2019-03-12,14520.086144,3871.61,14646.06208,3905.2,14349.255424,3826.06,14561.790592,3882.73,26921
2019-03-11,14686.528896,3915.99,14765.249792,3936.98,14364.032,3830.0,14520.086144,3871.61,38066
2019-03-10,14789.439872,3943.43,14789.439872,3943.43,14557.890176,3881.69,14689.641728,3916.82,23187
2019-03-09,14494.845952,3864.88,14895.6512,3971.75,14456.8544,3854.75,14787.977216,3943.04,30979
2019-03-08,14527.661952,3873.63,14746.5728,3932.0,14251.52,3800.0,14494.883456,3864.89,34730
2019-03-07,14483.444736,3861.84,14646.81216,3905.4,14403.03616,3840.4,14527.699456,3873.64,26455
2019-03-06,14467.468032,3857.58,14652.8128,3907.0,14300.612736,3813.09,14483.444736,3861.84,24775
2019-03-05,13936.86144,3716.1,14540.67584,3877.1,13889.79392,3703.55,14468.030592,3857.73,32962
2019-03-04,14278.972928,3807.32,14364.032,3830.0,13766.555776,3670.69,13933.86112,3715.3,34742
2019-03-03,14326.415488,3819.97,14382.784,3835.0,14181.462528,3781.32,14280.5856,3807.75,16718
2019-03-02,14334.666368,3822.17,14406.449024,3841.31,14147.4464,3772.25,14326.265472,3819.93,19445
2019-03-01,14305.000704,3814.26,14465.2928,3857.0,14300.312704,3813.01,14337.7792,3823.0,23174
2019-02-28,14319.177216,3818.04,14581.5552,3888.0,14116.018048,3763.87,14302.862976,3813.69,32561
2019-02-27,14286.436224,3809.31,14397.22304,3838.85,13790.858368,3677.17,14319.289728,3818.07,31500
2019-02-26,14358.181376,3828.44,14407.199104,3841.51,14165.2608,3777.0,14286.136192,3809.23,28838
2019-02-25,14039.847424,3743.56,14524.024064,3872.66,14026.496,3740.0,14356.231168,3827.92,38102
2019-02-24,15444.1472,4118.0,15744.1792,4198.0,13923.960064,3712.66,14039.847424,3743.56,62224
2019-02-23,14859.0848,3962.0,15609.239808,4162.02,14750.88576,3933.15,15443.247104,4117.76,33657
2019-02-22,14766.487424,3937.31,14956.5952,3988.0,14726.50816,3926.65,14859.0848,3962.0,23943
2019-02-21,14888.112896,3969.74,15063.406592,4016.48,14630.422912,3901.03,14766.487424,3937.31,31103
2019-02-20,14654.12544,3907.35,14952.769792,3986.98,14516.523264,3870.66,14888.112896,3969.74,36205
2019-02-19,14616.62144,3897.35,14981.047808,3994.52,14461.5424,3856.0,14655.775616,3907.79,50207
2019-02-18,13755.042048,3667.62,14720.32,3925.0,13707.712,3655.0,14621.30944,3898.6,64042
2019-02-17,13566.021888,3617.22,13876.892544,3700.11,13517.94176,3604.4,13754.892032,3667.58,25690
2019-02-16,13510.778496,3602.49,13682.20928,3648.2,13493.601664,3597.91,13570.484864,3618.41,19565
2019-02-15,13466.073728,3590.57,13701.073792,3653.23,13401.86688,3573.45,13510.703488,3602.47,20777
2019-02-14,13532.718336,3608.34,13600.45056,3626.4,13381.839744,3568.11,13466.036224,3590.56,21753
2019-02-13,13619.615104,3631.51,13763.968,3670.0,13470.4992,3591.75,13536.69376,3609.4,25773
2019-02-12,13617.88992,3631.05,13754.96704,3667.6,13435.207936,3582.34,13619.427584,3631.46,29479
2019-02-11,13800.5344,3679.75,13819.84896,3684.9,13559.683712,3615.53,13617.88992,3631.05,24954
2019-02-10,13745.891072,3665.18,13820.186496,3684.99,13538.043904,3609.76,13801.697024,3680.06,23250
2019-02-09,13727.476608,3660.27,13801.547008,3680.02,13595.687552,3625.13,13745.891072,3665.18,24759
2019-02-08,12745.35936,3398.4,14002.418432,3733.58,12650.47424,3373.1,13722.863616,3659.04,47968
2019-02-07,12777.6128,3407.0,12850.55808,3426.45,12713.856,3390.0,12745.35936,3398.4,18665
2019-02-06,13019.776128,3471.57,13061.593088,3482.72,12676.352,3380.0,12771.499648,3405.37,35310
2019-02-05,12988.460288,3463.22,13047.529088,3478.97,12932.991872,3448.43,13019.851136,3471.59,25264
2019-02-04,12969.295744,3458.11,13069.693952,3484.88,12876.285824,3433.31,12988.460288,3463.22,23131
2019-02-03,13141.626624,3504.06,13167.991936,3511.09,12848.8704,3426.0,12969.295744,3458.11,19867
2019-02-02,12984.63488,3462.2,13225.41056,3526.4,12902.463616,3440.29,13144.289408,3504.77,17920
2019-02-01,12879.24864,3434.1,13081.3952,3488.0,12755.86048,3401.2,12984.147328,3462.07,25260
2019-01-31,12967.008,3457.5,13085.89568,3489.2,12821.86752,3418.8,12879.24864,3434.1,29607
2019-01-30,12789.014016,3410.04,13043.8912,3478.0,12702.97984,3387.1,12969.558272,3458.18,23968
2019-01-29,12878.8736,3434.0,12914.31488,3443.45,12563.539968,3349.92,12792.764416,3411.04,29544
2019-01-28,13314.10752,3550.05,13342.9856,3557.75,12677.364608,3380.27,12879.43616,3434.15,40405
2019-01-27,13372.501248,3565.62,13422.6816,3579.0,13073.8944,3486.0,13317.070336,3550.84,22735
2019-01-26,13376.514176,3566.69,13737.490176,3662.94,13295.168,3545.0,13371.1136,3565.25,19476
2019-01-25,13385.440128,3569.07,13453.24736,3587.15,13210.821504,3522.51,13371.263616,3565.29,17608
2019-01-24,13325.058688,3552.97,13460.1856,3589.0,13235.986688,3529.22,13387.502848,3569.62,20826
2019-01-23,13390.465664,3570.41,13531.368192,3607.98,13180.7808,3514.5,13324.496128,3552.82,24938
2019-01-22,13227.210752,3526.88,13533.3184,3608.5,12882.06144,3434.85,13392.415872,3570.93,29336
2019-01-21,13273.640704,3539.26,13349.586304,3559.51,13034.5152,3475.5,13227.28576,3526.9,19644
2019-01-20,13748.0288,3665.75,13852.964992,3693.73,13032.64,3475.0,13273.715712,3539.28,27901
2019-01-19,13482.200448,3594.87,13951.488,3720.0,13479.800192,3594.23,13746.34112,3665.3,22171
2019-01-18,13551.395328,3613.32,13576.448,3620.0,13372.9888,3565.75,13482.200448,3594.87,22713
2019-01-17,13470.836736,3591.84,13631.57888,3634.7,13240.374656,3530.39,13562.233984,3616.21,29755
2019-01-16,13325.396224,3553.06,13670.208,3645.0,13289.579904,3543.51,13470.836736,3591.84,27480
2019-01-15,13599.250432,3626.08,13683.034368,3648.42,13188.731648,3516.62,13325.396224,3553.06,34137
2019-01-14,13042.241024,3477.56,13770.981248,3671.87,13002.711808,3467.02,13599.287936,3626.09,35235
2019-01-13,13441.80864,3584.1,13543.06944,3611.1,12906.25152,3441.3,13039.428224,3476.81,26385
2019-01-12,13506.353024,3601.31,13569.659776,3618.19,13238.912,3530.0,13438.170752,3583.13,21999
2019-01-11,13448.484352,3585.88,13718.9632,3658.0,12995.136,3465.0,13506.353024,3601.31,38338
2019-01-10,14874.311424,3966.06,14986.635904,3996.01,13276.416,3540.0,13448.484352,3585.88,59402
2019-01-09,14834.51968,3955.45,15027.140224,4006.81,14739.222016,3930.04,14876.52416,3966.65,28989
2019-01-08,14914.440704,3976.76,15263.37792,4069.8,14637.8112,3903.0,14833.319552,3955.13,38901
2019-01-07,14955.170048,3987.62,15068.73216,4017.9,14707.306112,3921.53,14909.52768,3975.45,31869
2019-01-06,14143.208448,3771.12,15105.523584,4027.71,14026.496,3740.0,14955.09504,3987.6,36553
2019-01-05,14214.353536,3790.09,14405.248896,3840.99,14067.7504,3751.0,14142.608384,3770.96,30490
2019-01-04,14128.50688,3767.2,14340.179456,3823.64,13889.868928,3703.57,14221.554304,3792.01,29519
2019-01-03,14467.430528,3857.57,14486.820096,3862.74,13988.992,3730.0,14126.931712,3766.78,29406
2019-01-02,14238.20608,3796.45,14559.577856,3882.14,14065.68768,3750.45,14471.143424,3858.56,35156
2019-01-01,13881.092992,3701.23,14289.624064,3810.16,13658.9568,3642.0,14240.793856,3797.14,23741
2018-12-31,14263.221248,3803.12,14289.024,3810.0,13615.189632,3630.33,13887.35616,3702.9,29991
2018-12-30,13864.141184,3696.71,14639.6864,3903.5,13718.58816,3657.9,14258.683264,3801.91,33222
2018-12-29,14397.7856,3839.0,14596.5568,3892.0,13763.968,3670.0,13858.928128,3695.32,38874
2018-12-28,13381.014656,3567.89,14578.7424,3887.25,13276.566016,3540.04,14398.760704,3839.26,45964
2018-12-27,14168.036096,3777.74,14303.950592,3813.98,13257.664,3535.0,13381.089664,3567.91,44097
2018-12-26,14047.348224,3745.56,14390.84736,3837.15,13714.237696,3656.74,14168.036096,3777.74,42629
2018-12-25,15039.516544,4010.11,15076.608,4020.0,13675.496064,3646.41,14048.210816,3745.79,62725
2018-12-24,14737.984384,3929.71,15744.1792,4198.0,14719.682432,3924.83,15031.640704,4008.01,64647
2018-12-23,14809.992064,3948.91,15082.346112,4021.53,14514.048,3870.0,14737.984384,3929.71,40117
2018-12-22,14402.4736,3840.25,14922.8416,3979.0,14195.264,3785.0,14809.992064,3948.91,42822
2018-12-21,15196.095744,4051.86,15526.618496,4139.99,14116.5056,3764.0,14396.510464,3838.66,82343
2018-12-20,13726.501504,3660.01,15451.648,4120.0,13632.704,3635.0,15187.694848,4049.62,101543
2018-12-19,13700.2112,3653.0,14674.302592,3912.73,13586.01152,3622.55,13734.789888,3662.22,94137
2018-12-18,13160.266112,3509.03,13796.183936,3678.59,12843.132288,3424.47,13700.136192,3652.98,61369
2018-12-17,12110.866688,3229.22,13445.184,3585.0,12061.2864,3216.0,13160.453632,3509.08,66761
2018-12-16,12045.197184,3211.71,12353.8176,3294.0,11948.7744,3186.0,12108.803968,3228.67,24628
2018-12-15,12095.752576,3225.19,12288.1856,3276.5,11837.237504,3156.26,12045.234688,3211.72,29796
2018-12-14,12384.045824,3302.06,12509.046656,3335.39,11915.0208,3177.0,12091.927168,3224.17,44492
2018-12-13,12925.303552,3446.38,12976.384,3460.0,12209.4272,3255.5,12384.045824,3302.06,40040
2018-12-12,12673.464192,3379.23,13096.3968,3492.0,12563.84,3350.0,12920.128,3445.0,33922
2018-12-11,12878.911104,3434.01,13051.392,3480.0,12467.529728,3324.32,12677.814656,3380.39,35920
2018-12-10,13308.256896,3548.49,13538.944,3610.0,12639.260544,3370.11,12874.673152,3432.88,40989
2018-12-09,12793.964544,3411.36,13718.9632,3658.0,12729.007616,3394.04,13296.555648,3545.37,45956
2018-12-08,12764.748928,3403.57,13107.648,3495.0,12083.7888,3222.0,12792.351872,3410.93,55365
2018-12-07,13159.216,3508.75,13313.882496,3549.99,12093.53984,3224.6,12764.67392,3403.55,95145
2018-12-06,14133.157376,3768.44,14626.522496,3899.99,13126.4,3500.0,13159.216,3508.75,68378
2018-12-05,14817.755392,3950.98,14889.088,3970.0,14045.248,3745.0,14138.407936,3769.84,44004
2018-12-04,14569.403904,3884.76,15320.384,4085.0,14180.2624,3781.0,14820.230656,3951.64,48489
2018-12-03,15603.72672,4160.55,15672.9216,4179.0,14352.7808,3827.0,14566.591104,3884.01,49094
2018-12-02,15717.851392,4190.98,16175.437696,4312.99,15388.041216,4103.04,15605.451904,4161.01,38912
2018-12-01,15156.379008,4041.27,16126.682496,4299.99,14862.872704,3963.01,15714.251008,4190.02,44840
2018-11-30,16110.668288,4295.72,16281.836544,4341.36,14787.8272,3943.0,15156.566528,4041.32,67758
2018-11-29,15984.429824,4262.06,16690.705152,4450.38,15472.83776,4125.65,16111.118336,4295.84,73980
2018-11-28,14535.162752,3875.63,16481.020288,4394.47,14530.062208,3874.27,15994.89344,4264.85,91983
2018-11-27,14493.23328,3864.45,14776.576,3940.0,13835.675648,3689.12,14533.587584,3875.21,67480
2018-11-26,15334.222976,4088.69,15774.1824,4206.0,13880.2304,3701.0,14484.79488,3862.2,94503
2018-11-25,14752.873472,3933.68,15875.4432,4233.0,13698.936064,3652.66,15323.309312,4085.78,101693
2018-11-24,16560.378752,4415.63,16978.0608,4527.0,14344.117376,3824.69,14748.222976,3932.44,61693
2018-11-23,16392.62336,4370.9,16816.7936,4484.0,15837.714176,4222.94,16579.055744,4420.61,49371
2018-11-22,17480.914432,4661.08,17708.526208,4721.77,16257.984,4335.0,16389.248,4370.0,34531
2018-11-21,17101.486464,4559.91,17953.91488,4787.2,16553.70304,4413.85,17480.876928,4661.07,61071
2018-11-20,18427.21536,4913.4,18932.919296,5048.24,16224.2304,4326.0,17097.548544,4558.86,117380
2018-11-19,21234.539776,5661.94,21242.2656,5664.0,18208.192,4855.0,18414.576512,4910.03,70580
2018-11-18,21116.589696,5630.49,21520.432768,5738.17,21065.9968,5617.0,21234.7648,5662.0,23844
2018-11-17,21191.897728,5650.57,21214.51264,5656.6,20872.588672,5565.43,21108.338816,5628.29,26411
2018-11-16,21591.390336,5757.09,21688.150656,5782.89,20811.9072,5549.25,21212.037376,5655.94,38721
2018-11-15,22191.86688,5917.2,22275.650816,5939.54,20264.986368,5403.42,21577.55136,5753.4,47700
2018-11-14,24223.758592,6458.98,24313.243136,6482.84,21215.525248,5656.87,22211.406464,5922.41,46478
2018-11-13,24196.380672,6451.68,24370.0992,6498.0,23969.36896,6391.15,24218.808064,6457.66,11790
2018-11-12,24192.742784,6450.71,24366.3488,6497.0,24081.3184,6421.0,24201.593728,6453.07,10132
2018-11-11,24134.424064,6435.16,24235.609856,6462.14,23833.792,6355.0,24189.367424,6449.81,8213
2018-11-10,24077.530496,6419.99,24285.90272,6475.55,24043.8144,6411.0,24126.51072,6433.05,7714
2018-11-09,24301.991936,6479.84,24420.842112,6511.53,23968.843904,6391.01,24077.530496,6419.99,11787
2018-11-08,24671.856384,6578.46,24730.1376,6594.0,24258.412288,6468.22,24301.991936,6479.84,13259
2018-11-07,24462.846592,6522.73,24809.45856,6615.15,24411.3536,6509.0,24671.856384,6578.46,14271
2018-11-06,24261.300096,6468.99,24495.025024,6531.31,24172.003072,6445.18,24449.270144,6519.11,11926
2018-11-05,24324.53184,6485.85,24394.064256,6504.39,24118.897408,6431.02,24261.300096,6468.99,8987
2018-11-04,23957.5552,6388.0,24471.36,6525.0,23848.7936,6359.0,24324.53184,6485.85,10592
2018-11-03,24125.57312,6432.8,24152.463488,6439.97,23796.288,6345.0,23954.142336,6387.09,7661
2018-11-02,24040.064,6410.0,24228.859136,6460.34,23958.30528,6388.2,24129.998592,6433.98,9739
2018-11-01,23888.247808,6369.52,24162.51456,6442.65,23810.014464,6348.66,24040.064,6410.0,9099
2018-10-31,23740.069504,6330.01,24107.5712,6428.0,23421.323008,6245.02,23897.286272,6371.93,12148
2018-10-30,23794.4128,6344.5,23983.808,6395.0,23691.314304,6317.01,23743.294848,6330.87,8877
2018-10-29,24339.833472,6489.93,24396.389504,6505.01,23683.776,6315.0,23794.4128,6344.5,13827
2018-10-28,24398.60224,6505.6,24430.743168,6514.17,24201.3312,6453.0,24339.833472,6489.93,5743
2018-10-27,24522.477952,6538.63,24596.43584,6558.35,24238.985216,6463.04,24398.60224,6505.6,7776
2018-10-26,24483.098752,6528.13,24752.64,6600.0,24433.893504,6515.01,24522.477952,6538.63,9443
2018-10-25,24628.164224,6566.81,24659.217536,6575.09,24388.10112,6502.8,24482.948736,6528.09,10342
2018-10-24,24578.283904,6553.51,24865.152,6630.0,24555.856512,6547.53,24623.2512,6565.5,11951
2018-10-23,24682.13248,6581.2,24733.888,6595.0,24435.54368,6515.45,24578.283904,6553.51,13856
2018-10-22,24715.586048,6590.12,24898.9056,6639.0,24509.876608,6535.27,24682.13248,6581.2,16213
2018-10-21,24699.084288,6585.72,24992.29056,6663.9,24677.632,6580.0,24715.548544,6590.11,6515
2018-10-20,24485.911552,6528.88,24818.83456,6617.65,24398.41472,6505.55,24709.13536,6588.4,19240
2018-10-19,24823.747584,6618.96,24933.184256,6648.14,24463.8592,6523.0,24485.911552,6528.88,20772
2018-10-18,25273.983104,6739.01,25487.7184,6796.0,24628.8768,6567.0,24823.747584,6618.96,20116
2018-10-17,25363.055104,6762.76,25544.424448,6811.12,25037.707904,6676.01,25281.033856,6740.89,26641
2018-10-16,25324.576,6752.5,25877.76,6900.0,25015.168,6670.0,25349.966208,6759.27,27557
2018-10-15,23775.060736,6339.34,28803.072,7680.0,23627.52,6300.0,25324.576,6752.5,90748
2018-10-14,23750.983168,6332.92,24062.5664,6416.0,23657.5232,6308.0,23775.060736,6339.34,15627
2018-10-13,23620.0192,6298.0,23796.288,6345.0,23571.526528,6285.07,23751.020672,6332.93,19098
2018-10-12,23450.163584,6252.71,23852.544,6360.0,23286.2336,6209.0,23620.056704,6298.01,29004
2018-10-11,24865.939584,6630.21,24879.853568,6633.92,23271.232,6205.0,23450.051072,6252.68,48712
2018-10-10,24965.175168,6656.67,24977.47648,6659.95,24490.112,6530.0,24868.9024,6631.0,15390
2018-10-09,25026.456704,6673.01,25072.849152,6685.38,24778.8928,6607.0,24964.950144,6656.61,15354
2018-10-08,24809.871104,6615.26,25186.18624,6715.6,24703.8848,6587.0,25026.456704,6673.01,23123
2018-10-07,24739.288576,6596.44,24902.656,6640.0,24471.36,6525.0,24809.871104,6615.26,17406
2018-10-06,24886.34176,6635.65,24943.9104,6651.0,24628.014208,6566.77,24731.150208,6594.27,10939
2018-10-05,24721.474176,6591.69,25116.4288,6697.0,24539.167232,6543.08,24886.34176,6635.65,16096
2018-10-04,24415.141504,6510.01,24915.632384,6643.46,24396.689536,6505.09,24729.350016,6593.79,20074
2018-10-03,24474.322816,6525.79,24561.3696,6549.0,24115.072,6430.0,24415.104,6510.0,28451
2018-10-02,24790.144,6610.0,24902.656,6640.0,24355.0976,6494.0,24474.322816,6525.79,28245
2018-10-01,24852.288128,6626.57,25004.254336,6667.09,24415.104,6510.0,24796.182144,6611.61,20621
2018-09-30,24743.864064,6597.66,24985.1648,6662.0,24501.3632,6533.0,24852.288128,6626.57,27764
2018-09-29,24882.328832,6634.58,24887.6544,6636.0,24244.723328,6464.57,24739.063552,6596.38,30255
2018-09-28,25086.875648,6689.12,25558.22592,6814.8,24530.916352,6540.88,24882.328832,6634.58,42399
2018-09-27,24256.987136,6467.84,25315.2,6750.0,24130.0736,6434.0,25086.913152,6689.13,33087
2018-09-26,24171.740544,6445.11,24595.085696,6557.99,23926.42688,6379.7,24246.786048,6465.12,33484
2018-09-25,24682.957568,6581.42,24692.671104,6584.01,23721.355008,6325.02,24180.854016,6447.54,40301
2018-09-24,25153.220224,6706.81,25240.192,6730.0,24591.3728,6557.0,24682.845056,6581.39,35305
2018-09-23,25214.12672,6723.05,25458.577792,6788.23,24984.2272,6661.75,25157.6832,6708.0,30286
2018-09-22,25348.991104,6759.01,25649.098112,6839.03,24853.9008,6627.0,25214.12672,6723.05,29349
2018-09-21,24347.5968,6492.0,25445.938944,6784.86,24343.8464,6491.0,25349.028608,6759.02,51779
2018-09-20,23972.5568,6392.0,24527.616,6540.0,23721.28,6325.0,24347.5968,6492.0,25189
2018-09-19,23763.997056,6336.39,24443.98208,6517.7,22963.6992,6123.0,23972.144256,6391.89,39044
2018-09-18,23435.086976,6248.69,23965.056,6390.0,23346.164992,6224.98,23764.22208,6336.45,32620
2018-09-17,24377.900032,6500.08,24504.513536,6533.84,23256.2304,6201.0,23435.086976,6248.69,35987
2018-09-16,24433.705984,6514.96,24469.934848,6524.62,23890.048,6370.0,24396.352,6505.0,27568
2018-09-15,24289.953152,6476.63,24623.06368,6565.45,24250.573952,6466.13,24433.705984,6514.96,25243
2018-09-14,24330.307456,6487.39,24696.346496,6584.99,23948.629248,6385.62,24289.953152,6476.63,37173
2018-09-13,23772.360448,6338.62,24508.864,6535.0,23767.78496,6337.4,24330.269952,6487.38,40465
2018-09-12,23601.2672,6293.0,23852.544,6360.0,23223.864448,6192.37,23772.360448,6338.62,31433
2018-09-11,23672.487296,6311.99,24017.5616,6404.0,23138.767872,6169.68,23608.430464,6294.91,33104
2018-09-10,23448.475904,6252.26,23904.974592,6373.98,23331.2384,6221.0,23672.5248,6312.0,32439
2018-09-09,23196.449024,6185.06,24156.3264,6441.0,23033.194112,6141.53,23443.037824,6250.81,37053
2018-09-08,23985.833216,6395.54,24295.0912,6478.0,22918.6944,6111.0,23196.41152,6185.05,38215
2018-09-07,24440.756736,6516.84,24542.6176,6544.0,23702.528,6320.0,23985.833216,6395.54,38906
2018-09-06,25117.441408,6697.27,25221.44,6725.0,23496.256,6265.0,24437.643904,6516.01,60644
2018-09-05,27599.38112,7359.05,27742.83392,7397.3,25060.1728,6682.0,25127.68,6700.0,63715
2018-09-04,27239.1552,7263.0,27790.464,7410.0,27104.778368,7227.17,27599.418624,7359.06,35300
2018-09-03,27385.4208,7302.0,27521.485312,7338.28,26971.489152,7191.63,27239.230208,7263.02,32396
2018-09-02,27008.768128,7201.57,27548.37568,7345.45,26729.1008,7127.0,27385.458304,7302.01,39814
2018-09-01,26294.841984,7011.21,27284.16,7275.0,26285.578496,7008.74,27002.917504,7200.01,40323
2018-08-31,26195.943936,6984.84,26586.5856,7089.0,25832.7552,6888.0,26294.841984,7011.21,40467
2018-08-30,26377.350784,7033.21,26491.437952,7063.63,25445.751424,6784.81,26195.943936,6984.84,44716
2018-08-29,26541.5808,7077.0,26754.641024,7133.81,25924.039936,6912.34,26369.887488,7031.22,43252
2018-08-28,25904.987904,6907.26,26759.104,7135.0,25727.744,6860.0,26538.242944,7076.11,48352
2018-08-27,25127.68,6700.0,26029.688704,6940.51,24927.0336,6646.5,25910.163456,6908.64,37747
2018-08-26,25253.843456,6733.64,25409.972608,6775.27,24632.6272,6568.0,25127.68,6700.0,20107
2018-08-25,25078.849792,6686.98,25461.4656,6789.0,24942.447744,6650.61,25253.843456,6733.64,19220
2018-08-24,24471.36,6525.0,25221.44,6725.0,24154.4512,6440.5,25058.822656,6681.64,38305
2018-08-23,23862.182528,6362.57,24666.343296,6576.99,23786.086912,6342.28,24471.397504,6525.01,40358
2018-08-22,24302.516992,6479.98,25812.278016,6882.54,23444.50048,6251.2,23855.881856,6360.89,77909
2018-08-21,23443.7504,6251.0,24377.6,6500.0,23384.044032,6235.08,24302.592,6480.0,41569
2018-08-20,24293.328512,6477.53,24490.112,6530.0,23327.488,6220.0,23458.151936,6254.84,49435
2018-08-19,23957.405184,6387.96,24531.3664,6541.0,23627.52,6300.0,24293.328512,6477.53,45190
2018-08-18,24674.031616,6579.04,24827.648,6620.0,23582.5152,6288.0,23957.405184,6387.96,53742
2018-08-17,23687.5264,6316.0,24696.384,6585.0,23572.76416,6285.4,24694.471296,6584.49,57851
2018-08-16,23497.268608,6265.27,24302.592,6480.0,23273.48224,6205.6,23671.5872,6311.75,48515
2018-08-15,23207.775232,6188.08,24786.3936,6609.0,23147.881344,6172.11,23504.356864,6267.16,68806
2018-08-14,23433.4368,6248.25,23441.237632,6250.33,22052.352,5880.0,23207.775232,6188.08,50186
2018-08-13,23659.623424,6308.56,24546.368,6545.0,23046.358016,6145.04,23426.31104,6246.35,53895
2018-08-12,23337.05152,6222.55,24273.71392,6472.3,22989.952,6130.0,23658.760832,6308.33,38567
2018-08-11,23057.946752,6148.13,24332.5952,6488.0,22393.6384,5971.0,23373.80544,6232.35,47133
2018-08-10,24489.324416,6529.79,24662.180352,6575.88,22601.373056,6026.39,23042.495104,6144.01,59034
2018-08-09,23564.775808,6283.27,24838.186624,6622.81,23172.22144,6178.6,24489.324416,6529.79,51941
2018-08-08,25205.050752,6720.63,25208.463616,6721.54,22963.6992,6123.0,23571.264,6285.0,59550
2018-08-07,26009.024,6935.0,26817.085184,7150.46,25015.168,6670.0,25202.913024,6720.06,45438
2018-08-06,26343.522176,7024.19,26852.864,7160.0,25581.4784,6821.0,26008.348928,6934.82,32760
2018-08-05,26289.703936,7009.84,26589.848448,7089.87,25811.340416,6882.29,26343.522176,7024.19,32894
2018-08-04,27798.977408,7412.27,28108.535424,7494.81,25975.2704,6926.0,26289.703936,7009.84,36288
2018-08-03,28224.422784,7525.71,28278.016,7540.0,27312.062976,7282.44,27823.392512,7418.78,44669
2018-08-02,28503.340032,7600.08,28913.558784,7709.46,27961.932288,7455.72,28224.422784,7525.71,37665
2018-08-01,29011.856768,7735.67,29065.6,7750.0,27865.472,7430.0,28520.216832,7604.58,42582
2018-07-31,30646.01856,8171.4,30678.272,8180.0,28626.8032,7633.0,28994.079872,7730.93,48296
2018-07-30,30794.496896,8210.99,31027.0592,8273.0,29500.6464,7866.0,30655.469568,8173.92,39692
2018-07-29,30847.190016,8225.04,31107.730304,8294.51,30434.496,8115.0,30794.5344,8211.0,25531
2018-07-28,30710.412928,8188.57,30927.823616,8246.54,30254.4768,8067.0,30847.190016,8225.04,26215
2018-07-27,29703.168,7920.0,31072.064,8285.0,29271.872,7805.0,30710.412928,8188.57,43671
2018-07-26,30661.882752,8175.63,31187.163776,8315.69,29440.865024,7850.06,29703.168,7920.0,43223
2018-07-25,31493.008896,8397.24,31847.534208,8491.77,30190.72,8050.0,30661.920256,8175.64,48257
2018-07-24,28959.27616,7721.65,31825.8944,8486.0,28863.0784,7696.0,31493.008896,8397.24,60121
2018-07-23,27733.382912,7394.78,29376.8832,7833.0,27659.2,7375.0,28956.875904,7721.01,41646
2018-07-22,27750.1472,7399.25,28437.03296,7582.4,27511.0592,7335.5,27733.420416,7394.79,30270
2018-07-21,27518.447488,7337.47,27972.245888,7458.47,27044.1344,7211.0,27748.384512,7398.78,28886
2018-07-20,28011.212544,7468.86,28878.08,7700.0,27276.6592,7273.0,27518.672512,7337.53,46140
2018-07-19,27685.002752,7381.88,28414.080512,7576.28,27265.408,7270.0,28001.273984,7466.21,41218
2018-07-18,27443.326976,7317.44,28458.335232,7588.08,27098.065152,7225.38,27685.07776,7381.9,59487
2018-07-17,25215.176832,6723.33,28011.700096,7468.99,24947.810816,6652.04,27443.326976,7317.44,52105
2018-07-16,23830.60416,6354.15,25305.07392,6747.3,23741.53216,6330.4,25215.25184,6723.35,36204
2018-07-15,23443.37536,6250.9,23983.808,6395.0,23347.74016,6225.4,23826.328704,6353.01,22979
2018-07-14,23307.123328,6214.57,23758.784,6335.0,23169.9712,6178.0,23447.463296,6251.99,17783
2018-07-13,23445.25056,6251.4,23815.04,6350.0,22914.944,6110.0,23307.123328,6214.57,26375
2018-07-12,23920.313728,6378.07,23928.602112,6380.28,22764.928,6070.0,23442.137728,6250.57,31306
2018-07-11,23615.931264,6296.91,24025.0624,6406.0,23548.724096,6278.99,23920.313728,6378.07,28715
2018-07-10,24988.090112,6662.78,25056.4224,6681.0,23488.7552,6263.0,23615.931264,6296.91,38560
2018-07-09,25173.05984,6712.1,25510.445824,6802.06,24798.544896,6612.24,24985.614848,6662.12,26732
2018-07-08,25328.251392,6753.48,25427.712,6780.0,25005.566976,6667.44,25173.05984,6712.1,24622
2018-07-07,24789.356416,6609.79,25570.827264,6818.16,24410.903552,6508.88,25341.377792,6756.98,23973
2018-07-06,24487.11168,6529.2,24934.684416,6648.54,24096.32,6425.0,24789.318912,6609.78,29397
2018-07-05,24698.371712,6585.53,25172.6848,6712.0,24202.568832,6453.33,24487.11168,6529.2,35071
2018-07-04,24418.891904,6511.01,25446.163968,6784.92,24156.738944,6441.11,24703.809792,6586.98,23571
2018-07-03,24809.983616,6615.29,25050.23424,6679.35,24238.872704,6463.01,24429.580544,6513.86,38657
2018-07-02,23855.619328,6360.82,25071.424,6685.0,23521.083648,6271.62,24809.983616,6615.29,36230
2018-07-01,23969.106432,6391.08,24156.551424,6441.06,23443.7504,6251.0,23840.580224,6356.81,27562
2018-06-30,23244.679168,6197.92,24486.324096,6528.99,23200.086912,6186.03,23965.318528,6390.07,37919
2018-06-29,21943.627904,5851.01,23627.52,6300.0,21677.312,5780.0,23244.679168,6197.92,33911
2018-06-28,23007.691392,6134.73,23151.256704,6173.01,21853.5808,5827.0,21954.766592,5853.98,30585
2018-06-27,22749.513856,6065.89,23216.588672,6190.43,22393.6384,5971.0,23003.940992,6133.73,19225
2018-06-26,23447.5008,6252.0,23524.534016,6272.54,22633.664,6035.0,22767.853312,6070.78,19377
2018-06-25,23019.76768,6137.95,23815.04,6350.0,22734.812288,6061.97,23447.5008,6252.0,39164
2018-06-24,23064.884992,6149.98,23476.75392,6259.8,21564.8,5750.0,23016.092288,6136.97,47445
2018-06-23,22674.618368,6045.92,23477.504,6260.0,22534.203392,6008.48,23064.884992,6149.98,26622
2018-06-22,25194.024576,6717.69,25255.081088,6733.97,22198.392576,5918.94,22671.168,6045.0,52157
2018-06-21,25364.742784,6763.21,25483.968,6795.0,25024.806528,6672.57,25198.337536,6718.84,25428
2018-06-20,25277.696,6740.0,25567.339392,6817.23,24571.908224,6551.81,25358.367104,6761.51,26359
2018-06-19,25170.397056,6711.39,25659.261696,6841.74,24951.4112,6653.0,25282.233984,6741.21,24311
2018-06-18,24167.802624,6444.06,25481.642752,6794.38,23927.552,6380.0,25174.409984,6712.46,31821
2018-06-17,24311.968,6482.5,24711.498112,6589.03,24085.0688,6422.0,24188.617344,6449.61,19847
2018-06-16,23927.589504,6380.01,24602.624,6560.0,23705.753344,6320.86,24317.518592,6483.98,22277
2018-06-15,24897.667968,6638.67,25002.641664,6666.66,23861.207424,6362.31,23960.93056,6388.9,30018
2018-06-14,23600.442112,6292.78,25202.688,6720.0,23477.504,6260.0,24887.579392,6635.98,44478
2018-06-13,24490.112,6530.0,24856.15104,6627.6,22947.497472,6118.68,23600.442112,6292.78,46185
2018-06-12,25772.7488,6872.0,25842.168704,6890.51,24133.824,6435.0,24490.112,6530.0,36722
2018-06-11,25371.456,6765.0,25960.2688,6922.0,24790.144,6610.0,25772.7488,6872.0,34552
2018-06-10,28096.984192,7491.73,28096.984192,7491.73,24838.186624,6622.81,25371.418496,6764.99,52342
2018-06-09,28515.941376,7603.44,28817.998592,7683.98,27940.48,7450.0,28096.984192,7491.73,19339
2018-06-08,28844.626432,7691.08,28891.2064,7703.5,28244.2624,7531.0,28515.941376,7603.44,23396
2018-06-07,28723.526016,7658.79,29121.856,7765.0,28578.048,7620.0,28844.626432,7691.08,25062
2018-06-06,28602.950656,7626.64,28874.3296,7699.0,28004.42432,7467.05,28723.713536,7658.84,27229
2018-06-05,28079.2448,7487.0,28801.159296,7679.49,27595.4432,7358.0,28596.8,7625.0,31722
2018-06-04,28931.560704,7714.26,29105.054208,7760.52,27927.3536,7446.5,28079.2448,7487.0,32258
2018-06-03,28641.092224,7636.81,29203.202176,7786.69,28503.04,7600.0,28931.560704,7714.26,27505
2018-06-02,28206.795904,7521.01,28868.066432,7697.33,27891.7248,7437.0,28653.168512,7640.03,26720
2018-06-01,28071.781504,7485.01,28535.10592,7608.55,27586.217216,7355.54,28206.795904,7521.01,28259
2018-05-31,27685.715328,7382.07,28874.3296,7699.0,27481.093504,7327.51,28071.781504,7485.01,30776
2018-05-30,28007.912192,7467.98,28386.7776,7569.0,27229.7792,7260.5,27662.800384,7375.96,32041
2018-05-29,26624.0896,7099.0,28278.016,7540.0,26376.37568,7032.95,27982.822016,7461.29,39407
2018-05-28,27524.148096,7338.99,27891.7248,7437.0,26470.398208,7058.02,26624.0896,7099.0,27219
2018-05-27,27505.4336,7334.0,27752.96,7400.0,27119.554944,7231.11,27524.148096,7338.99,18706
2018-05-26,27966.695296,7456.99,28578.048,7620.0,27377.92,7300.0,27505.283584,7333.96,19464
2018-05-25,28424.244096,7578.99,28688.87232,7649.55,27408.48576,7308.15,27966.7328,7457.0,26739
2018-05-24,28135.31328,7501.95,28993.329792,7730.73,27254.119296,7266.99,28409.317504,7575.01,37845
2018-05-23,29917.390848,7977.12,30122.83776,8031.9,27846.72,7425.0,28135.31328,7501.95,42910
2018-05-22,31454.192256,8386.89,31504.035072,8400.18,29759.836544,7935.11,29917.353344,7977.11,23710
2018-05-21,31979.548288,8526.97,32235.850624,8595.31,31147.072,8305.0,31433.002496,8381.24,21516
2018-05-20,30878.880896,8233.49,32287.1936,8609.0,30617.89056,8163.9,31979.585792,8526.98,19957
2018-05-19,30895.832704,8238.01,31468.85632,8390.8,30362.225792,8095.73,30878.880896,8233.49,17193
2018-05-18,30148.790528,8038.82,31027.846784,8273.21,29672.78976,7911.9,30902.583424,8239.81,23476
2018-05-17,31240.832,8330.0,31743.3856,8464.0,29924.4416,7979.0,30158.691584,8041.46,25439
2018-05-16,31735.8848,8462.0,31833.3952,8488.0,30314.520704,8083.01,31240.832,8330.0,31130
2018-05-15,32491.102848,8663.37,33228.506496,8859.99,31508.23552,8401.3,31735.8848,8462.0,28126
2018-05-14,32552.384384,8679.71,33303.514496,8879.99,31042.0608,8277.0,32490.990336,8663.34,37389
2018-05-13,31786.290176,8475.44,32866.105344,8763.36,31120.8192,8298.0,32552.384384,8679.71,25632
2018-05-12,31525.637376,8405.94,32429.258752,8646.88,30577.0112,8153.0,31750.661376,8465.94,40241
2018-05-11,33761.888384,9002.21,33816.60672,9016.8,31282.0864,8341.0,31503.36,8400.0,48227
2018-05-10,34916.224,9310.0,35235.458048,9395.12,33641.088,8970.0,33761.85088,9002.2,25055
2018-05-09,34421.1712,9178.0,35216.256,9390.0,33622.336,8965.0,34916.224,9310.0,25673
2018-05-08,35122.496,9365.0,35537.66528,9475.7,33980.649216,9060.54,34457.025024,9187.56,25533
2018-05-07,36232.689408,9661.02,36340.138368,9689.67,34432.4224,9181.0,35122.496,9365.0,33787
